# Blender 5.2.0 LTS
# www.blender.org
mtllib Football.mtl
o Football
v -0.216790 0.242602 -0.117582
v -0.136511 0.303929 -0.059257
v -0.247453 0.303929 -0.023209
v -0.316020 0.303929 -0.117582
v -0.247453 0.303929 -0.211955
v -0.136511 0.303929 -0.175907
v -0.186127 0.403160 -0.023209
v -0.297068 0.403160 -0.059257
v -0.297068 0.403160 -0.175907
v -0.186127 0.403160 -0.211955
v -0.117560 0.403159 -0.117582
v -0.216790 0.464487 -0.117582
v -0.234708 0.259723 -0.062436
v -0.169879 0.259723 -0.083500
v -0.187797 0.295559 -0.028353
v -0.122969 0.295559 -0.117582
v -0.169879 0.259723 -0.151664
v -0.274774 0.259723 -0.117582
v -0.292693 0.295559 -0.062436
v -0.234708 0.259723 -0.172728
v -0.292693 0.295559 -0.172728
v -0.187797 0.295559 -0.206811
v -0.111894 0.353544 -0.083500
v -0.111894 0.353544 -0.151664
v -0.216790 0.353544 -0.007289
v -0.151961 0.353544 -0.028353
v -0.321685 0.353544 -0.083500
v -0.281619 0.353544 -0.028353
v -0.281619 0.353544 -0.206811
v -0.321685 0.353544 -0.151664
v -0.151961 0.353544 -0.206811
v -0.216790 0.353544 -0.227875
v -0.140887 0.411530 -0.062436
v -0.245783 0.411530 -0.028353
v -0.310611 0.411530 -0.117582
v -0.245783 0.411530 -0.206811
v -0.140887 0.411530 -0.172728
v -0.198872 0.447366 -0.062436
v -0.158805 0.447366 -0.117582
v -0.263700 0.447366 -0.083500
v -0.263700 0.447366 -0.151664
v -0.198872 0.447366 -0.172728
v -0.229573 0.251042 -0.078238
v -0.225606 0.246403 -0.090447
v -0.221610 0.243696 -0.102747
v -0.157586 0.270702 -0.074569
v -0.149585 0.280109 -0.068755
v -0.142946 0.290466 -0.063932
v -0.205935 0.296269 -0.023668
v -0.219377 0.297743 -0.021808
v -0.232375 0.300106 -0.021605
v -0.124118 0.296269 -0.098884
v -0.126502 0.297743 -0.085525
v -0.130327 0.300107 -0.073101
v -0.157586 0.270702 -0.160595
v -0.149585 0.280109 -0.166409
v -0.142946 0.290466 -0.171232
v -0.258159 0.251042 -0.117582
v -0.245321 0.246403 -0.117582
v -0.232389 0.243696 -0.117582
v -0.302753 0.296270 -0.078238
v -0.308677 0.297743 -0.090447
v -0.312886 0.300107 -0.102747
v -0.229573 0.251042 -0.156926
v -0.225606 0.246403 -0.144717
v -0.221610 0.243696 -0.132417
v -0.280773 0.296269 -0.187180
v -0.270991 0.297743 -0.196586
v -0.260594 0.300106 -0.204390
v -0.170370 0.296269 -0.199940
v -0.158401 0.297743 -0.193544
v -0.147767 0.300106 -0.186067
v -0.116217 0.337639 -0.074569
v -0.121053 0.326275 -0.068755
v -0.127347 0.315706 -0.063932
v -0.110142 0.369450 -0.141898
v -0.110637 0.380814 -0.134352
v -0.112895 0.391383 -0.126751
v -0.226620 0.337639 -0.008640
v -0.233643 0.326275 -0.011443
v -0.240175 0.315706 -0.015939
v -0.160708 0.369450 -0.023668
v -0.168038 0.380814 -0.021807
v -0.175965 0.391383 -0.021605
v -0.323438 0.337639 -0.093266
v -0.322943 0.326275 -0.100812
v -0.320685 0.315706 -0.108413
v -0.288777 0.369450 -0.035224
v -0.292812 0.380814 -0.041620
v -0.295454 0.391383 -0.049097
v -0.272872 0.337639 -0.211496
v -0.265542 0.326275 -0.213357
v -0.257615 0.315706 -0.213559
v -0.317363 0.369450 -0.160595
v -0.312527 0.380814 -0.166409
v -0.306232 0.391383 -0.171232
v -0.144803 0.337639 -0.199940
v -0.140768 0.326275 -0.193544
v -0.138126 0.315706 -0.186067
v -0.206960 0.369450 -0.226524
v -0.199937 0.380814 -0.223721
v -0.193405 0.391383 -0.219225
v -0.152807 0.410819 -0.047984
v -0.162589 0.409346 -0.038578
v -0.172986 0.406982 -0.030774
v -0.263210 0.410819 -0.035224
v -0.275178 0.409346 -0.041620
v -0.285813 0.406982 -0.049097
v -0.309462 0.410819 -0.136279
v -0.307077 0.409346 -0.149639
v -0.303253 0.406982 -0.162063
v -0.227645 0.410819 -0.211496
v -0.214203 0.409346 -0.213356
v -0.201204 0.406982 -0.213559
v -0.130827 0.410819 -0.156926
v -0.124903 0.409346 -0.144717
v -0.120694 0.406982 -0.132417
v -0.194177 0.436387 -0.047985
v -0.191120 0.426979 -0.038578
v -0.188585 0.416623 -0.030774
v -0.175421 0.456046 -0.117582
v -0.188258 0.460685 -0.117582
v -0.201191 0.463393 -0.117582
v -0.275993 0.436387 -0.074569
v -0.283995 0.426979 -0.068755
v -0.290633 0.416623 -0.063932
v -0.275993 0.436387 -0.160595
v -0.283995 0.426979 -0.166409
v -0.290633 0.416623 -0.171232
v -0.194177 0.436387 -0.187180
v -0.191120 0.426979 -0.196586
v -0.188585 0.416623 -0.204390
v -0.244995 0.290466 -0.030774
v -0.242459 0.280109 -0.038578
v -0.239403 0.270702 -0.047984
v -0.204170 0.243695 -0.108413
v -0.193707 0.246403 -0.100812
v -0.183322 0.251042 -0.093266
v -0.147767 0.300106 -0.049097
v -0.158401 0.297743 -0.041620
v -0.170370 0.296269 -0.035224
v -0.130327 0.300107 -0.162063
v -0.126502 0.297743 -0.149638
v -0.124118 0.296269 -0.136279
v -0.204170 0.243695 -0.126751
v -0.193707 0.246403 -0.134352
v -0.183322 0.251042 -0.141898
v -0.308065 0.290466 -0.117582
v -0.299860 0.280110 -0.117582
v -0.289969 0.270702 -0.117582
v -0.260594 0.300107 -0.030774
v -0.270991 0.297743 -0.038578
v -0.280773 0.296269 -0.047984
v -0.244995 0.290466 -0.204390
v -0.242459 0.280109 -0.196586
v -0.239403 0.270702 -0.187179
v -0.312886 0.300107 -0.132417
v -0.308677 0.297743 -0.144717
v -0.302753 0.296270 -0.156926
v -0.232375 0.300106 -0.213559
v -0.219377 0.297743 -0.213356
v -0.205935 0.296269 -0.211496
v -0.112895 0.391383 -0.108413
v -0.110637 0.380814 -0.100812
v -0.110142 0.369450 -0.093266
v -0.127347 0.315706 -0.171232
v -0.121053 0.326275 -0.166409
v -0.116217 0.337639 -0.160595
v -0.193405 0.391383 -0.015939
v -0.199937 0.380814 -0.011443
v -0.206960 0.369450 -0.008640
v -0.138126 0.315706 -0.049097
v -0.140768 0.326275 -0.041620
v -0.144803 0.337639 -0.035224
v -0.306232 0.391383 -0.063932
v -0.312527 0.380814 -0.068755
v -0.317363 0.369450 -0.074569
v -0.257615 0.315706 -0.021605
v -0.265542 0.326275 -0.021807
v -0.272872 0.337639 -0.023668
v -0.295454 0.391383 -0.186067
v -0.292812 0.380814 -0.193544
v -0.288777 0.369450 -0.199940
v -0.320685 0.315706 -0.126751
v -0.322942 0.326275 -0.134352
v -0.323438 0.337639 -0.141898
v -0.175965 0.391383 -0.213559
v -0.168038 0.380814 -0.213357
v -0.160708 0.369450 -0.211496
v -0.240175 0.315706 -0.219225
v -0.233643 0.326275 -0.223721
v -0.226620 0.337639 -0.226524
v -0.120694 0.406982 -0.102747
v -0.124903 0.409346 -0.090447
v -0.130827 0.410819 -0.078238
v -0.201204 0.406982 -0.021605
v -0.214203 0.409346 -0.021808
v -0.227645 0.410819 -0.023668
v -0.303253 0.406982 -0.073101
v -0.307077 0.409346 -0.085526
v -0.309462 0.410819 -0.098885
v -0.285813 0.406982 -0.186067
v -0.275178 0.409346 -0.193544
v -0.263210 0.410819 -0.199940
v -0.172986 0.406982 -0.204390
v -0.162589 0.409346 -0.196586
v -0.152807 0.410819 -0.187180
v -0.211970 0.463393 -0.102747
v -0.207973 0.460686 -0.090447
v -0.204006 0.456046 -0.078238
v -0.125515 0.416623 -0.117582
v -0.133720 0.426979 -0.117582
v -0.143610 0.436386 -0.117582
v -0.229410 0.463393 -0.108413
v -0.239872 0.460686 -0.100812
v -0.250258 0.456047 -0.093266
v -0.229410 0.463393 -0.126751
v -0.239872 0.460686 -0.134352
v -0.250258 0.456047 -0.141898
v -0.211970 0.463393 -0.132417
v -0.207973 0.460685 -0.144717
v -0.204006 0.456046 -0.156926
v -0.168043 0.450795 -0.134558
v -0.176333 0.451621 -0.146975
v -0.185581 0.450795 -0.158697
v -0.151607 0.440637 -0.134558
v -0.147161 0.433591 -0.146975
v -0.143764 0.424951 -0.158697
v -0.180502 0.440637 -0.174328
v -0.167319 0.433591 -0.174720
v -0.155121 0.424951 -0.174328
v -0.217872 0.450795 -0.169189
v -0.232243 0.451621 -0.165141
v -0.246249 0.450795 -0.159969
v -0.212793 0.440637 -0.184820
v -0.223229 0.433591 -0.192886
v -0.233327 0.424951 -0.199739
v -0.259546 0.440637 -0.169629
v -0.255844 0.433591 -0.182288
v -0.251703 0.424951 -0.193768
v -0.266205 0.450795 -0.132501
v -0.266797 0.451621 -0.117582
v -0.266205 0.450795 -0.102663
v -0.279502 0.440637 -0.142161
v -0.290398 0.433591 -0.134729
v -0.300036 0.424951 -0.127243
v -0.279502 0.440637 -0.093003
v -0.290398 0.433591 -0.100435
v -0.300036 0.424951 -0.107921
v -0.246249 0.450795 -0.075195
v -0.232243 0.451621 -0.070023
v -0.217872 0.450795 -0.065975
v -0.259546 0.440637 -0.065535
v -0.255844 0.433591 -0.052876
v -0.251703 0.424951 -0.041396
v -0.212793 0.440637 -0.050344
v -0.223229 0.433591 -0.042278
v -0.233327 0.424951 -0.035425
v -0.185581 0.450795 -0.076467
v -0.176333 0.451621 -0.088189
v -0.168043 0.450795 -0.100606
v -0.180502 0.440637 -0.060836
v -0.167319 0.433591 -0.060444
v -0.155121 0.424951 -0.060836
v -0.151607 0.440637 -0.100606
v -0.147161 0.433591 -0.088189
v -0.143764 0.424951 -0.076467
v -0.116632 0.370687 -0.159969
v -0.122157 0.383584 -0.165141
v -0.129323 0.396069 -0.169189
v -0.119771 0.354251 -0.169629
v -0.127729 0.354411 -0.182288
v -0.137309 0.354251 -0.193769
v -0.140680 0.396069 -0.184820
v -0.142315 0.383584 -0.192886
v -0.145527 0.370687 -0.199739
v -0.226152 0.370687 -0.225936
v -0.232779 0.383584 -0.222279
v -0.238843 0.396069 -0.216715
v -0.236310 0.354251 -0.225936
v -0.250808 0.354411 -0.222280
v -0.264687 0.354251 -0.216716
v -0.257219 0.396069 -0.210745
v -0.265395 0.383584 -0.211682
v -0.272905 0.370687 -0.210745
v -0.322734 0.370687 -0.142161
v -0.321304 0.383584 -0.134729
v -0.317886 0.396069 -0.127243
v -0.325873 0.354252 -0.132501
v -0.326876 0.354411 -0.117582
v -0.325873 0.354252 -0.102663
v -0.317886 0.396069 -0.107921
v -0.321304 0.383584 -0.100435
v -0.322734 0.370687 -0.093003
v -0.272905 0.370687 -0.024419
v -0.265395 0.383584 -0.023482
v -0.257219 0.396069 -0.024419
v -0.264687 0.354251 -0.018448
v -0.250808 0.354411 -0.012884
v -0.236310 0.354251 -0.009228
v -0.238843 0.396069 -0.018449
v -0.232779 0.383584 -0.012885
v -0.226152 0.370687 -0.009228
v -0.145527 0.370687 -0.035425
v -0.142315 0.383584 -0.042278
v -0.140680 0.396069 -0.050344
v -0.137309 0.354251 -0.041395
v -0.127729 0.354411 -0.052876
v -0.119771 0.354251 -0.065535
v -0.129323 0.396069 -0.065975
v -0.122157 0.383584 -0.070023
v -0.116632 0.370687 -0.075195
v -0.168893 0.352837 -0.216716
v -0.182772 0.352677 -0.222280
v -0.197270 0.352837 -0.225936
v -0.160675 0.336401 -0.210745
v -0.168185 0.323505 -0.211682
v -0.176361 0.311020 -0.210745
v -0.207428 0.336401 -0.225936
v -0.200801 0.323505 -0.222279
v -0.194737 0.311020 -0.216715
v -0.296271 0.352837 -0.193769
v -0.305851 0.352677 -0.182288
v -0.313809 0.352837 -0.169629
v -0.288053 0.336401 -0.199739
v -0.291265 0.323505 -0.192886
v -0.292900 0.311020 -0.184820
v -0.316948 0.336401 -0.159969
v -0.311422 0.323505 -0.165141
v -0.304257 0.311020 -0.169189
v -0.313809 0.352837 -0.065535
v -0.305851 0.352677 -0.052876
v -0.296271 0.352837 -0.041395
v -0.316948 0.336401 -0.075195
v -0.311422 0.323505 -0.070023
v -0.304257 0.311020 -0.065975
v -0.288053 0.336401 -0.035425
v -0.291265 0.323505 -0.042278
v -0.292900 0.311020 -0.050344
v -0.197270 0.352837 -0.009228
v -0.182772 0.352677 -0.012884
v -0.168893 0.352837 -0.018448
v -0.207428 0.336401 -0.009228
v -0.200801 0.323505 -0.012885
v -0.194737 0.311020 -0.018449
v -0.160675 0.336401 -0.024419
v -0.168185 0.323505 -0.023482
v -0.176361 0.311020 -0.024419
v -0.107707 0.352837 -0.102663
v -0.106704 0.352677 -0.117582
v -0.107707 0.352837 -0.132501
v -0.110846 0.336401 -0.093003
v -0.112276 0.323505 -0.100435
v -0.115694 0.311020 -0.107921
v -0.110846 0.336401 -0.142161
v -0.112276 0.323505 -0.134729
v -0.115694 0.311020 -0.127243
v -0.174034 0.266451 -0.169629
v -0.177736 0.273497 -0.182288
v -0.181877 0.282138 -0.193768
v -0.187331 0.256293 -0.159969
v -0.201337 0.255468 -0.165141
v -0.215708 0.256293 -0.169189
v -0.200253 0.282138 -0.199739
v -0.210351 0.273497 -0.192886
v -0.220787 0.266451 -0.184820
v -0.253078 0.266451 -0.174328
v -0.266261 0.273497 -0.174720
v -0.278459 0.282138 -0.174328
v -0.247999 0.256294 -0.158697
v -0.257246 0.255468 -0.146975
v -0.265537 0.256294 -0.134558
v -0.289816 0.282138 -0.158697
v -0.286419 0.273497 -0.146975
v -0.281973 0.266451 -0.134558
v -0.281973 0.266451 -0.100606
v -0.286419 0.273497 -0.088189
v -0.289816 0.282138 -0.076467
v -0.265537 0.256294 -0.100606
v -0.257246 0.255468 -0.088189
v -0.247999 0.256294 -0.076467
v -0.278459 0.282138 -0.060836
v -0.266261 0.273497 -0.060444
v -0.253078 0.266451 -0.060836
v -0.133544 0.282138 -0.127243
v -0.143182 0.273497 -0.134729
v -0.154078 0.266451 -0.142161
v -0.133544 0.282138 -0.107921
v -0.143182 0.273497 -0.100435
v -0.154078 0.266451 -0.093003
v -0.167374 0.256294 -0.132500
v -0.166783 0.255468 -0.117582
v -0.167374 0.256294 -0.102663
v -0.220787 0.266451 -0.050344
v -0.210351 0.273497 -0.042278
v -0.200253 0.282138 -0.035425
v -0.215708 0.256293 -0.065975
v -0.201337 0.255468 -0.070023
v -0.187331 0.256293 -0.075195
v -0.181877 0.282138 -0.041396
v -0.177736 0.273497 -0.052876
v -0.174034 0.266451 -0.065535
v -0.206571 0.247613 -0.086133
v -0.210440 0.244451 -0.098041
v -0.200727 0.246732 -0.092191
v -0.192920 0.250737 -0.084627
v -0.204299 0.250593 -0.079141
v -0.216730 0.250737 -0.076890
v -0.214860 0.246732 -0.087599
v -0.138392 0.282241 -0.084648
v -0.136765 0.289888 -0.074369
v -0.143077 0.280804 -0.077748
v -0.148969 0.272969 -0.083921
v -0.140160 0.278255 -0.091274
v -0.131740 0.286131 -0.096438
v -0.132850 0.288616 -0.085178
v -0.243543 0.247613 -0.098145
v -0.233413 0.244452 -0.105505
v -0.235975 0.246732 -0.094459
v -0.240756 0.250738 -0.084697
v -0.249490 0.250593 -0.093824
v -0.255472 0.250738 -0.104951
v -0.244710 0.246732 -0.106481
v -0.243543 0.247613 -0.137019
v -0.233413 0.244452 -0.129659
v -0.244710 0.246732 -0.128683
v -0.255472 0.250738 -0.130213
v -0.249490 0.250593 -0.141340
v -0.240756 0.250738 -0.150467
v -0.235975 0.246732 -0.140705
v -0.206571 0.247613 -0.149031
v -0.210440 0.244451 -0.137123
v -0.214860 0.246732 -0.147565
v -0.216730 0.250737 -0.158274
v -0.204299 0.250593 -0.156023
v -0.192920 0.250737 -0.150537
v -0.200727 0.246732 -0.142973
v -0.117954 0.315310 -0.084648
v -0.124066 0.310435 -0.074369
v -0.121178 0.307502 -0.085178
v -0.118459 0.307621 -0.096438
v -0.115179 0.318674 -0.091274
v -0.114391 0.328917 -0.083921
v -0.118764 0.320143 -0.077748
v -0.217570 0.315310 -0.013407
v -0.229234 0.310435 -0.016043
v -0.218062 0.307502 -0.016637
v -0.206512 0.307621 -0.017530
v -0.210411 0.318674 -0.012815
v -0.217161 0.328917 -0.009793
v -0.224383 0.320143 -0.012044
v -0.316108 0.315310 -0.086132
v -0.317205 0.310435 -0.098041
v -0.313188 0.307502 -0.087598
v -0.308769 0.307621 -0.076890
v -0.314458 0.318675 -0.079141
v -0.319418 0.328917 -0.084627
v -0.319509 0.320143 -0.092191
v -0.277391 0.315310 -0.202320
v -0.266404 0.310435 -0.207043
v -0.275095 0.307502 -0.199997
v -0.283913 0.307621 -0.192485
v -0.283531 0.318674 -0.198591
v -0.279846 0.328917 -0.205003
v -0.272680 0.320143 -0.207427
v -0.154926 0.315310 -0.201403
v -0.147039 0.310435 -0.192413
v -0.156426 0.307502 -0.198500
v -0.166295 0.307621 -0.204566
v -0.160370 0.318674 -0.206089
v -0.153133 0.328917 -0.204566
v -0.148613 0.320143 -0.198500
v -0.128173 0.335747 -0.053199
v -0.130416 0.323134 -0.054828
v -0.124600 0.331815 -0.059787
v -0.121032 0.342199 -0.063483
v -0.127670 0.343655 -0.052833
v -0.135747 0.342199 -0.043229
v -0.133334 0.331815 -0.047764
v -0.250638 0.335747 -0.013407
v -0.249782 0.323134 -0.016043
v -0.243268 0.331815 -0.012044
v -0.238651 0.342199 -0.009793
v -0.250831 0.343655 -0.012815
v -0.262461 0.342199 -0.017530
v -0.257402 0.331815 -0.016636
v -0.326326 0.335748 -0.117582
v -0.323554 0.323134 -0.117582
v -0.325345 0.331816 -0.110152
v -0.326059 0.342199 -0.105065
v -0.326949 0.343655 -0.117582
v -0.326059 0.342199 -0.130099
v -0.325345 0.331816 -0.125012
v -0.250638 0.335747 -0.221757
v -0.249782 0.323134 -0.219121
v -0.257402 0.331815 -0.218528
v -0.262461 0.342199 -0.217634
v -0.250831 0.343655 -0.222349
v -0.238651 0.342199 -0.225371
v -0.243268 0.331815 -0.223120
v -0.128173 0.335747 -0.181966
v -0.130416 0.323134 -0.180336
v -0.133334 0.331815 -0.187400
v -0.135747 0.342199 -0.191935
v -0.127670 0.343655 -0.182331
v -0.121032 0.342199 -0.171681
v -0.124600 0.331815 -0.175377
v -0.172723 0.424847 -0.044857
v -0.177449 0.417201 -0.035585
v -0.167928 0.418472 -0.042028
v -0.160412 0.420958 -0.050486
v -0.170259 0.428834 -0.051257
v -0.181708 0.434119 -0.050486
v -0.180569 0.426285 -0.042028
v -0.272338 0.424847 -0.053199
v -0.282617 0.417201 -0.054828
v -0.273547 0.418472 -0.047764
v -0.263181 0.420958 -0.043229
v -0.265491 0.428834 -0.052833
v -0.269762 0.434119 -0.063483
v -0.277453 0.426285 -0.059787
v -0.295188 0.424847 -0.150516
v -0.296815 0.417201 -0.160795
v -0.300730 0.418472 -0.149986
v -0.301840 0.420958 -0.138726
v -0.293420 0.428834 -0.143890
v -0.284611 0.434119 -0.151243
v -0.290503 0.426285 -0.157416
v -0.209695 0.424847 -0.202320
v -0.200421 0.417201 -0.207043
v -0.211911 0.418472 -0.207427
v -0.222963 0.420958 -0.205002
v -0.215450 0.428834 -0.198591
v -0.205734 0.434119 -0.192485
v -0.201684 0.426285 -0.199996
v -0.134006 0.424847 -0.137019
v -0.126649 0.417200 -0.129659
v -0.129834 0.418472 -0.140705
v -0.135555 0.420958 -0.150467
v -0.139332 0.428834 -0.141340
v -0.142136 0.434119 -0.130213
v -0.133741 0.426285 -0.128683
v -0.190037 0.459476 -0.137019
v -0.178108 0.456351 -0.130213
v -0.184090 0.456496 -0.141340
v -0.192824 0.456351 -0.150467
v -0.197605 0.460356 -0.140705
v -0.200167 0.462637 -0.129659
v -0.188870 0.460356 -0.128683
v -0.162754 0.440977 -0.156841
v -0.160540 0.444560 -0.142887
v -0.155735 0.438021 -0.152640
v -0.153920 0.431322 -0.163259
v -0.164581 0.438021 -0.164815
v -0.175341 0.444560 -0.163259
v -0.168537 0.445933 -0.152640
v -0.172723 0.424847 -0.190307
v -0.160411 0.420958 -0.184678
v -0.167928 0.418472 -0.193136
v -0.177449 0.417201 -0.199579
v -0.180569 0.426285 -0.193136
v -0.181708 0.434119 -0.184678
v -0.170259 0.428834 -0.183907
v -0.227009 0.459476 -0.149031
v -0.216850 0.456351 -0.158274
v -0.229280 0.456496 -0.156023
v -0.240660 0.456351 -0.150537
v -0.232853 0.460356 -0.142973
v -0.223139 0.462637 -0.137123
v -0.218720 0.460356 -0.147565
v -0.237430 0.440977 -0.181104
v -0.223475 0.444560 -0.178899
v -0.231265 0.438021 -0.186482
v -0.240804 0.431322 -0.191489
v -0.245578 0.438021 -0.181831
v -0.247423 0.444560 -0.171117
v -0.235221 0.445933 -0.174307
v -0.272338 0.424847 -0.181965
v -0.263181 0.420958 -0.191935
v -0.273547 0.418472 -0.187400
v -0.282617 0.417201 -0.180336
v -0.277453 0.426285 -0.175377
v -0.269762 0.434119 -0.171681
v -0.265491 0.428834 -0.182331
v -0.249858 0.459476 -0.117582
v -0.255509 0.456351 -0.130099
v -0.257209 0.456496 -0.117582
v -0.255509 0.456351 -0.105065
v -0.245902 0.460356 -0.110152
v -0.237337 0.462637 -0.117582
v -0.245902 0.460356 -0.125012
v -0.283582 0.440977 -0.117582
v -0.277172 0.444560 -0.130172
v -0.286791 0.438021 -0.125107
v -0.294501 0.431322 -0.117582
v -0.286791 0.438021 -0.110057
v -0.277172 0.444560 -0.104992
v -0.276434 0.445933 -0.117582
v -0.295188 0.424847 -0.084648
v -0.301840 0.420958 -0.096438
v -0.300730 0.418472 -0.085178
v -0.296815 0.417201 -0.074369
v -0.290503 0.426285 -0.077748
v -0.284611 0.434119 -0.083921
v -0.293420 0.428834 -0.091274
v -0.227009 0.459476 -0.086133
v -0.240660 0.456351 -0.084627
v -0.229280 0.456496 -0.079141
v -0.216850 0.456351 -0.076890
v -0.218720 0.460356 -0.087599
v -0.223139 0.462637 -0.098041
v -0.232853 0.460356 -0.092191
v -0.237430 0.440977 -0.054060
v -0.247423 0.444560 -0.064047
v -0.245578 0.438021 -0.053333
v -0.240804 0.431322 -0.043675
v -0.231265 0.438021 -0.048682
v -0.223475 0.444560 -0.056265
v -0.235221 0.445933 -0.060858
v -0.209695 0.424847 -0.032844
v -0.222963 0.420958 -0.030162
v -0.211911 0.418472 -0.027737
v -0.200421 0.417201 -0.028121
v -0.201684 0.426285 -0.035168
v -0.205734 0.434120 -0.042679
v -0.215450 0.428834 -0.036573
v -0.190037 0.459476 -0.098145
v -0.192824 0.456351 -0.084697
v -0.184090 0.456496 -0.093824
v -0.178108 0.456351 -0.104951
v -0.188870 0.460356 -0.106481
v -0.200167 0.462637 -0.105505
v -0.197605 0.460356 -0.094459
v -0.162754 0.440977 -0.078323
v -0.175341 0.444560 -0.071905
v -0.164581 0.438021 -0.070349
v -0.153920 0.431322 -0.071905
v -0.155735 0.438021 -0.082524
v -0.160540 0.444560 -0.092277
v -0.168537 0.445933 -0.082524
v -0.134006 0.424847 -0.098145
v -0.135555 0.420958 -0.084697
v -0.129834 0.418472 -0.094459
v -0.126649 0.417200 -0.105505
v -0.133741 0.426285 -0.106481
v -0.142136 0.434119 -0.104951
v -0.139332 0.428834 -0.093824
v -0.117472 0.391779 -0.149032
v -0.114162 0.378171 -0.150537
v -0.119122 0.388414 -0.156023
v -0.124810 0.399468 -0.158274
v -0.120392 0.399586 -0.147566
v -0.116375 0.396653 -0.137123
v -0.114071 0.386945 -0.142973
v -0.129358 0.374184 -0.181105
v -0.121684 0.366848 -0.171118
v -0.128357 0.365574 -0.181832
v -0.136485 0.366848 -0.191490
v -0.134759 0.378377 -0.186482
v -0.132394 0.388269 -0.178899
v -0.125912 0.378377 -0.174307
v -0.156189 0.391779 -0.202320
v -0.153734 0.378171 -0.205003
v -0.160899 0.386945 -0.207427
v -0.167175 0.396653 -0.207043
v -0.158485 0.399587 -0.199997
v -0.149666 0.399468 -0.192485
v -0.150049 0.388414 -0.198591
v -0.216010 0.391779 -0.221757
v -0.216419 0.378171 -0.225371
v -0.223169 0.388414 -0.222349
v -0.227067 0.399468 -0.217634
v -0.215518 0.399587 -0.218527
v -0.204345 0.396653 -0.219121
v -0.209197 0.386945 -0.223120
v -0.250186 0.374184 -0.220364
v -0.238316 0.366848 -0.224577
v -0.250568 0.365575 -0.221540
v -0.262265 0.366848 -0.216795
v -0.256969 0.378377 -0.216890
v -0.249027 0.388269 -0.216795
v -0.242656 0.378377 -0.221540
v -0.278654 0.391779 -0.201403
v -0.280447 0.378171 -0.204566
v -0.284967 0.386945 -0.198500
v -0.286541 0.396653 -0.192413
v -0.277154 0.399587 -0.198500
v -0.267285 0.399468 -0.204566
v -0.273210 0.388414 -0.206089
v -0.315625 0.391779 -0.150516
v -0.319188 0.378171 -0.151243
v -0.318400 0.388414 -0.143890
v -0.315121 0.399468 -0.138726
v -0.312402 0.399587 -0.149986
v -0.309513 0.396653 -0.160795
v -0.314816 0.386945 -0.157416
v -0.324862 0.374184 -0.117582
v -0.325200 0.366848 -0.130172
v -0.326099 0.365575 -0.117582
v -0.325200 0.366848 -0.104992
v -0.323653 0.378377 -0.110057
v -0.321109 0.388269 -0.117582
v -0.323653 0.378377 -0.125107
v -0.315625 0.391779 -0.084648
v -0.319188 0.378171 -0.083921
v -0.314816 0.386945 -0.077748
v -0.309513 0.396653 -0.074369
v -0.312402 0.399587 -0.085178
v -0.315121 0.399468 -0.096438
v -0.318400 0.388414 -0.091274
v -0.278654 0.391779 -0.033761
v -0.280447 0.378171 -0.030598
v -0.273210 0.388414 -0.029075
v -0.267285 0.399468 -0.030598
v -0.277154 0.399587 -0.036664
v -0.286541 0.396653 -0.042751
v -0.284967 0.386945 -0.036664
v -0.250186 0.374184 -0.014800
v -0.262265 0.366848 -0.018369
v -0.250568 0.365575 -0.013624
v -0.238316 0.366848 -0.010587
v -0.242656 0.378377 -0.013624
v -0.249027 0.388269 -0.018369
v -0.256969 0.378377 -0.018274
v -0.216010 0.391779 -0.013407
v -0.216419 0.378171 -0.009793
v -0.209197 0.386945 -0.012044
v -0.204345 0.396654 -0.016043
v -0.215518 0.399587 -0.016637
v -0.227067 0.399468 -0.017530
v -0.223169 0.388414 -0.012815
v -0.156189 0.391779 -0.032844
v -0.153734 0.378171 -0.030161
v -0.150049 0.388414 -0.036573
v -0.149666 0.399468 -0.042679
v -0.158485 0.399587 -0.035167
v -0.167175 0.396653 -0.028121
v -0.160899 0.386945 -0.027737
v -0.129358 0.374184 -0.054059
v -0.136485 0.366848 -0.043674
v -0.128357 0.365574 -0.053332
v -0.121684 0.366848 -0.064046
v -0.125912 0.378377 -0.060857
v -0.132394 0.388269 -0.056265
v -0.134759 0.378377 -0.048682
v -0.117472 0.391779 -0.086132
v -0.114162 0.378171 -0.084627
v -0.114071 0.386945 -0.092191
v -0.116375 0.396653 -0.098041
v -0.120392 0.399586 -0.087598
v -0.124810 0.399468 -0.076890
v -0.119122 0.388414 -0.079141
v -0.182941 0.371341 -0.221757
v -0.171119 0.364890 -0.217634
v -0.182749 0.363433 -0.222349
v -0.194929 0.364890 -0.225371
v -0.190311 0.375273 -0.223120
v -0.183798 0.383955 -0.219121
v -0.176178 0.375273 -0.218528
v -0.183394 0.332904 -0.220364
v -0.171315 0.340240 -0.216795
v -0.176610 0.328712 -0.216890
v -0.184553 0.318820 -0.216795
v -0.190924 0.328712 -0.221540
v -0.195264 0.340240 -0.224577
v -0.183012 0.341514 -0.221540
v -0.217570 0.315310 -0.221757
v -0.206512 0.307621 -0.217634
v -0.218062 0.307502 -0.218527
v -0.229234 0.310435 -0.219121
v -0.224383 0.320143 -0.223120
v -0.217161 0.328917 -0.225370
v -0.210411 0.318674 -0.222349
v -0.305407 0.371341 -0.181965
v -0.297832 0.364890 -0.191935
v -0.305910 0.363433 -0.182331
v -0.312548 0.364890 -0.171681
v -0.308980 0.375273 -0.175377
v -0.303164 0.383955 -0.180336
v -0.300245 0.375273 -0.187400
v -0.304222 0.332904 -0.181105
v -0.297095 0.340240 -0.191490
v -0.298821 0.328712 -0.186482
v -0.301186 0.318820 -0.178899
v -0.307667 0.328712 -0.174307
v -0.311896 0.340240 -0.171118
v -0.305222 0.341514 -0.181832
v -0.316108 0.315310 -0.149032
v -0.308769 0.307621 -0.158274
v -0.313188 0.307502 -0.147566
v -0.317205 0.310435 -0.137123
v -0.319509 0.320143 -0.142973
v -0.319418 0.328917 -0.150537
v -0.314458 0.318675 -0.156023
v -0.305407 0.371341 -0.053198
v -0.312548 0.364890 -0.063483
v -0.305910 0.363433 -0.052833
v -0.297832 0.364890 -0.043229
v -0.300245 0.375273 -0.047764
v -0.303164 0.383955 -0.054828
v -0.308980 0.375273 -0.059787
v -0.304222 0.332904 -0.054059
v -0.311896 0.340240 -0.064046
v -0.307667 0.328712 -0.060857
v -0.301186 0.318820 -0.056265
v -0.298821 0.328712 -0.048682
v -0.297095 0.340240 -0.043674
v -0.305222 0.341514 -0.053332
v -0.277391 0.315310 -0.032844
v -0.283913 0.307621 -0.042679
v -0.275095 0.307502 -0.035167
v -0.266404 0.310435 -0.028121
v -0.272680 0.320143 -0.027737
v -0.279846 0.328917 -0.030161
v -0.283531 0.318674 -0.036573
v -0.182941 0.371341 -0.013407
v -0.194929 0.364890 -0.009793
v -0.182749 0.363433 -0.012815
v -0.171119 0.364890 -0.017530
v -0.176178 0.375273 -0.016636
v -0.183798 0.383955 -0.016043
v -0.190311 0.375273 -0.012044
v -0.183394 0.332904 -0.014800
v -0.195264 0.340240 -0.010587
v -0.190924 0.328712 -0.013624
v -0.184553 0.318820 -0.018369
v -0.176610 0.328712 -0.018274
v -0.171315 0.340240 -0.018369
v -0.183012 0.341514 -0.013624
v -0.154926 0.315310 -0.033761
v -0.166295 0.307621 -0.030598
v -0.156426 0.307502 -0.036664
v -0.147039 0.310435 -0.042751
v -0.148613 0.320143 -0.036663
v -0.153133 0.328917 -0.030598
v -0.160370 0.318674 -0.029075
v -0.107253 0.371341 -0.117582
v -0.107521 0.364890 -0.105065
v -0.106631 0.363433 -0.117582
v -0.107521 0.364890 -0.130099
v -0.108235 0.375273 -0.125012
v -0.110026 0.383954 -0.117582
v -0.108235 0.375273 -0.110152
v -0.108718 0.332904 -0.117582
v -0.108380 0.340240 -0.104992
v -0.109926 0.328712 -0.110057
v -0.112471 0.318820 -0.117582
v -0.109926 0.328712 -0.125107
v -0.108380 0.340240 -0.130172
v -0.107481 0.341514 -0.117582
v -0.117954 0.315310 -0.150516
v -0.118459 0.307621 -0.138726
v -0.121178 0.307502 -0.149986
v -0.124066 0.310435 -0.160795
v -0.118764 0.320143 -0.157416
v -0.114391 0.328917 -0.151243
v -0.115179 0.318674 -0.143890
v -0.161241 0.282241 -0.181965
v -0.163818 0.272969 -0.171681
v -0.168089 0.278255 -0.182331
v -0.170399 0.286131 -0.191935
v -0.160033 0.288616 -0.187400
v -0.150963 0.289888 -0.180336
v -0.156126 0.280804 -0.175377
v -0.196150 0.266112 -0.181104
v -0.186157 0.262529 -0.171117
v -0.198359 0.261155 -0.174306
v -0.210105 0.262529 -0.178899
v -0.202315 0.269067 -0.186482
v -0.192776 0.275767 -0.191489
v -0.188002 0.269067 -0.181831
v -0.223885 0.282241 -0.202320
v -0.227846 0.272969 -0.192485
v -0.231896 0.280804 -0.199996
v -0.233158 0.289888 -0.207043
v -0.221669 0.288616 -0.207427
v -0.210617 0.286131 -0.205002
v -0.218130 0.278255 -0.198591
v -0.260857 0.282241 -0.190307
v -0.251872 0.272969 -0.184678
v -0.263321 0.278255 -0.183907
v -0.273168 0.286131 -0.184678
v -0.265652 0.288616 -0.193136
v -0.256131 0.289888 -0.199579
v -0.253010 0.280804 -0.193136
v -0.270826 0.266112 -0.156841
v -0.258239 0.262529 -0.163259
v -0.265043 0.261155 -0.152640
v -0.273040 0.262529 -0.142887
v -0.277845 0.269068 -0.152640
v -0.279659 0.275767 -0.163259
v -0.268999 0.269067 -0.164815
v -0.299573 0.282242 -0.137019
v -0.291444 0.272969 -0.130213
v -0.299839 0.280804 -0.128683
v -0.306931 0.289888 -0.129659
v -0.303745 0.288617 -0.140705
v -0.298025 0.286131 -0.150467
v -0.294248 0.278255 -0.141340
v -0.299573 0.282242 -0.098145
v -0.291444 0.272969 -0.104951
v -0.294248 0.278255 -0.093824
v -0.298025 0.286131 -0.084697
v -0.303745 0.288617 -0.094459
v -0.306931 0.289888 -0.105505
v -0.299839 0.280804 -0.106481
v -0.270826 0.266112 -0.078323
v -0.273040 0.262529 -0.092277
v -0.265043 0.261155 -0.082524
v -0.258239 0.262529 -0.071905
v -0.268999 0.269067 -0.070349
v -0.279659 0.275767 -0.071905
v -0.277845 0.269068 -0.082524
v -0.260857 0.282241 -0.044857
v -0.251872 0.272969 -0.050486
v -0.253010 0.280804 -0.042028
v -0.256131 0.289888 -0.035585
v -0.265652 0.288616 -0.042028
v -0.273168 0.286131 -0.050486
v -0.263321 0.278255 -0.051257
v -0.138392 0.282241 -0.150516
v -0.131740 0.286131 -0.138726
v -0.140160 0.278255 -0.143890
v -0.148969 0.272969 -0.151243
v -0.143077 0.280804 -0.157416
v -0.136765 0.289888 -0.160795
v -0.132850 0.288616 -0.149986
v -0.149998 0.266112 -0.117582
v -0.139079 0.275767 -0.117582
v -0.146789 0.269067 -0.110057
v -0.156408 0.262529 -0.104992
v -0.157146 0.261155 -0.117582
v -0.156408 0.262529 -0.130172
v -0.146789 0.269067 -0.125107
v -0.183722 0.247613 -0.117582
v -0.178071 0.250737 -0.105065
v -0.187678 0.246732 -0.110152
v -0.196243 0.244451 -0.117582
v -0.187678 0.246732 -0.125012
v -0.178071 0.250737 -0.130099
v -0.176371 0.250593 -0.117582
v -0.223885 0.282241 -0.032844
v -0.227846 0.272969 -0.042679
v -0.218130 0.278255 -0.036573
v -0.210617 0.286131 -0.030161
v -0.221669 0.288616 -0.027737
v -0.233158 0.289888 -0.028121
v -0.231896 0.280804 -0.035168
v -0.196150 0.266112 -0.054059
v -0.210105 0.262529 -0.056265
v -0.198359 0.261155 -0.060857
v -0.186157 0.262529 -0.064047
v -0.188002 0.269067 -0.053333
v -0.192776 0.275767 -0.043675
v -0.202315 0.269067 -0.048682
v -0.161241 0.282241 -0.053199
v -0.163818 0.272969 -0.063483
v -0.156126 0.280804 -0.059787
v -0.150963 0.289888 -0.054828
v -0.160033 0.288616 -0.047764
v -0.170399 0.286131 -0.043229
v -0.168089 0.278255 -0.052833
vn 0.1684 -0.9582 0.2313
vn 0.1089 -0.9909 0.0791
vn 0.2231 -0.9612 0.1621
vn -0.0416 -0.9909 0.1280
vn 0.0545 -0.9843 0.1676
vn 0.2446 -0.9132 0.3261
vn 0.1481 -0.8776 0.4559
vn 0.1291 -0.9086 0.3973
vn 0.3309 -0.9125 0.2404
vn 0.2818 -0.8721 0.3999
vn -0.0062 -0.9132 0.4075
vn -0.0852 -0.9612 0.2623
vn -0.0002 -0.9582 0.2861
vn 0.0070 -0.8721 0.4892
vn -0.1264 -0.9125 0.3891
vn 0.1000 -0.9462 0.3079
vn 0.6467 -0.6720 0.3609
vn 0.6683 -0.5635 0.4856
vn 0.5958 -0.6765 0.4329
vn 0.7772 -0.4803 0.4065
vn 0.7216 -0.5678 0.3962
vn 0.5904 -0.7568 0.2806
vn 0.6604 -0.7393 0.1315
vn 0.6795 -0.7086 0.1902
vn 0.5123 -0.7740 0.3722
vn 0.5563 -0.8042 0.2091
vn 0.7719 -0.6181 0.1487
vn 0.8189 -0.5061 0.2708
vn 0.7687 -0.5788 0.2722
vn 0.7552 -0.6523 0.0646
vn 0.8432 -0.5212 0.1317
vn 0.7017 -0.6574 0.2747
vn -0.1680 -0.9582 0.2316
vn -0.1346 -0.9909 -0.0000
vn -0.1426 -0.9843 0.1036
vn -0.2345 -0.9132 0.3334
vn -0.3878 -0.8776 0.2817
vn -0.3380 -0.9086 0.2455
vn -0.2932 -0.8721 0.3916
vn -0.3895 -0.9132 0.1200
vn -0.2757 -0.9612 -0.0000
vn -0.2722 -0.9582 0.0882
vn -0.4631 -0.8721 0.1579
vn -0.4091 -0.9125 -0.0000
vn -0.2619 -0.9462 0.1903
vn -0.2722 -0.9582 -0.0882
vn -0.0416 -0.9909 -0.1280
vn -0.1426 -0.9843 -0.1036
vn -0.3895 -0.9132 -0.1200
vn -0.3878 -0.8776 -0.2817
vn -0.3380 -0.9086 -0.2455
vn -0.4631 -0.8721 -0.1579
vn -0.2345 -0.9132 -0.3334
vn -0.0852 -0.9612 -0.2622
vn -0.1680 -0.9582 -0.2316
vn -0.2932 -0.8721 -0.3916
vn -0.1264 -0.9125 -0.3891
vn -0.2619 -0.9462 -0.1903
vn -0.0002 -0.9582 -0.2861
vn 0.1089 -0.9909 -0.0791
vn 0.0545 -0.9843 -0.1676
vn -0.0062 -0.9132 -0.4075
vn 0.1481 -0.8776 -0.4559
vn 0.1291 -0.9086 -0.3973
vn 0.0070 -0.8721 -0.4892
vn 0.2446 -0.9132 -0.3261
vn 0.2231 -0.9612 -0.1621
vn 0.1684 -0.9582 -0.2313
vn 0.2818 -0.8721 -0.3999
vn 0.3309 -0.9125 -0.2404
vn 0.1000 -0.9462 -0.3079
vn 0.8614 -0.4287 0.2722
vn 0.8029 -0.3458 0.4856
vn 0.8305 -0.3915 0.3962
vn 0.8981 -0.4139 0.1487
vn 0.9566 -0.2600 0.1315
vn 0.9377 -0.2909 0.1902
vn 0.9212 -0.3837 0.0646
vn 0.9409 -0.1896 0.2806
vn 0.8715 -0.2303 0.4329
vn 0.8902 -0.2779 0.3609
vn 0.9681 -0.1379 0.2091
vn 0.9214 -0.1121 0.3722
vn 0.9018 -0.3337 0.2747
vn 0.0073 -0.4287 0.9034
vn -0.1464 -0.4803 0.8648
vn -0.0045 -0.5061 0.8625
vn -0.2137 -0.3458 0.9137
vn -0.1202 -0.3915 0.9123
vn 0.1361 -0.4139 0.9001
vn 0.1705 -0.2600 0.9504
vn 0.1089 -0.2909 0.9505
vn 0.1353 -0.5212 0.8427
vn 0.2232 -0.3837 0.8961
vn 0.0239 -0.1896 0.9816
vn -0.1424 -0.2303 0.9626
vn -0.0681 -0.2779 0.9582
vn 0.1003 -0.1379 0.9853
vn -0.0693 -0.1121 0.9913
vn 0.0175 -0.3337 0.9425
vn -0.8569 -0.4287 0.2861
vn -0.8677 -0.4803 0.1280
vn -0.8216 -0.5061 0.2623
vn -0.9350 -0.3458 0.0791
vn -0.9048 -0.3915 0.1676
vn -0.8140 -0.4139 0.4075
vn -0.8512 -0.2600 0.4559
vn -0.8704 -0.2909 0.3973
vn -0.7596 -0.5211 0.3891
vn -0.7832 -0.3837 0.4892
vn -0.9261 -0.1896 0.3261
vn -0.9595 -0.2303 0.1621
vn -0.9323 -0.2779 0.2313
vn -0.9061 -0.1379 0.3999
vn -0.9642 -0.1121 0.2405
vn -0.8910 -0.3337 0.3079
vn -0.5369 -0.4287 -0.7266
vn -0.3898 -0.4803 -0.7857
vn -0.5033 -0.5061 -0.7004
vn -0.3641 -0.3458 -0.8648
vn -0.4390 -0.3915 -0.8087
vn -0.6391 -0.4139 -0.6482
vn -0.6966 -0.2600 -0.6687
vn -0.6468 -0.2909 -0.7050
vn -0.6047 -0.5212 -0.6022
vn -0.7073 -0.3837 -0.5937
vn -0.5963 -0.1896 -0.7801
vn -0.4507 -0.2303 -0.8625
vn -0.5081 -0.2779 -0.8152
vn -0.6603 -0.1379 -0.7382
vn -0.5266 -0.1121 -0.8427
vn -0.5681 -0.3337 -0.7523
vn 0.5251 -0.4287 -0.7352
vn 0.6268 -0.4803 -0.6136
vn 0.5106 -0.5061 -0.6951
vn 0.7099 -0.3458 -0.6136
vn 0.6335 -0.3915 -0.6674
vn 0.4190 -0.4139 -0.8082
vn 0.4207 -0.2600 -0.8691
vn 0.4706 -0.2909 -0.8330
vn 0.3859 -0.5212 -0.7612
vn 0.3461 -0.3837 -0.8561
vn 0.5576 -0.1896 -0.8082
vn 0.6810 -0.2303 -0.6951
vn 0.6183 -0.2779 -0.7352
vn 0.4980 -0.1379 -0.8561
vn 0.6387 -0.1121 -0.7612
vn 0.5399 -0.3337 -0.7728
vn 0.8439 -0.1852 0.5035
vn 0.7099 -0.3458 0.6136
vn 0.7760 -0.2826 0.5638
vn 0.8778 -0.0634 0.4748
vn 0.8085 0.0362 0.5874
vn 0.8086 -0.0327 0.5875
vn 0.8851 0.0281 0.4645
vn 0.7228 -0.0634 0.6881
vn 0.6810 -0.2303 0.6951
vn 0.7397 -0.1852 0.6470
vn 0.7153 0.0281 0.6983
vn 0.6387 -0.1121 0.7612
vn 0.8018 -0.1336 0.5825
vn -0.2181 -0.1852 0.9582
vn -0.3641 -0.3458 0.8648
vn -0.2964 -0.2826 0.9123
vn -0.1803 -0.0634 0.9816
vn -0.3088 0.0362 0.9504
vn -0.3089 -0.0327 0.9505
vn -0.1683 0.0281 0.9853
vn -0.4311 -0.0634 0.9001
vn -0.4507 -0.2303 0.8625
vn -0.3867 -0.1852 0.9034
vn -0.4431 0.0281 0.8961
vn -0.5266 -0.1121 0.8427
vn -0.3062 -0.1336 0.9425
vn -0.9787 -0.1852 0.0886
vn -0.9350 -0.3458 -0.0791
vn -0.9592 -0.2826 -0.0000
vn -0.9892 -0.0634 0.1319
vn -0.9993 0.0362 -0.0000
vn -0.9995 -0.0327 -0.0000
vn -0.9891 0.0281 0.1445
vn -0.9892 -0.0634 -0.1319
vn -0.9595 -0.2303 -0.1621
vn -0.9787 -0.1852 -0.0886
vn -0.9891 0.0281 -0.1445
vn -0.9642 -0.1121 -0.2405
vn -0.9910 -0.1336 -0.0000
vn -0.3867 -0.1852 -0.9034
vn -0.2137 -0.3458 -0.9137
vn -0.2964 -0.2826 -0.9123
vn -0.4311 -0.0634 -0.9001
vn -0.3088 0.0362 -0.9504
vn -0.3089 -0.0327 -0.9505
vn -0.4431 0.0281 -0.8961
vn -0.1803 -0.0634 -0.9816
vn -0.1424 -0.2303 -0.9626
vn -0.2181 -0.1852 -0.9582
vn -0.1683 0.0281 -0.9853
vn -0.0693 -0.1121 -0.9913
vn -0.3062 -0.1336 -0.9425
vn 0.7397 -0.1852 -0.6470
vn 0.8029 -0.3458 -0.4856
vn 0.7760 -0.2826 -0.5638
vn 0.7228 -0.0634 -0.6881
vn 0.8085 0.0362 -0.5874
vn 0.8086 -0.0327 -0.5875
vn 0.7153 0.0281 -0.6983
vn 0.8778 -0.0634 -0.4748
vn 0.8715 -0.2303 -0.4329
vn 0.8439 -0.1852 -0.5035
vn 0.8851 0.0281 -0.4645
vn 0.9214 -0.1121 -0.3722
vn 0.8018 -0.1336 -0.5825
vn 0.4619 0.5788 0.6721
vn 0.3898 0.4803 0.7857
vn 0.5033 0.5061 0.7004
vn 0.2553 0.5635 0.7857
vn 0.3509 0.5678 0.7447
vn 0.5370 0.6181 0.5740
vn 0.4569 0.7393 0.4946
vn 0.4379 0.7086 0.5532
vn 0.6047 0.5212 0.6022
vn 0.5730 0.6523 0.4961
vn 0.3127 0.7568 0.5740
vn 0.2276 0.6765 0.7004
vn 0.3111 0.6720 0.6721
vn 0.3272 0.8042 0.4961
vn 0.1957 0.7740 0.6022
vn 0.4063 0.6574 0.6347
vn -0.4964 0.5788 0.6470
vn -0.6268 0.4803 0.6135
vn -0.5106 0.5061 0.6951
vn -0.6683 0.5635 0.4856
vn -0.5998 0.5678 0.5638
vn -0.3800 0.6181 0.6881
vn -0.3292 0.7393 0.5874
vn -0.3908 0.7086 0.5875
vn -0.3859 0.5212 0.7612
vn -0.2948 0.6523 0.6983
vn -0.4493 0.7568 0.4748
vn -0.5958 0.6765 0.4329
vn -0.5430 0.6720 0.5035
vn -0.3708 0.8042 0.4645
vn -0.5123 0.7740 0.3722
vn -0.4781 0.6574 0.5825
vn -0.7687 0.5788 -0.2722
vn -0.7772 0.4803 -0.4065
vn -0.8189 0.5061 -0.2708
vn -0.6683 0.5635 -0.4856
vn -0.7216 0.5678 -0.3962
vn -0.7719 0.6181 -0.1487
vn -0.6604 0.7393 -0.1315
vn -0.6795 0.7086 -0.1902
vn -0.8432 0.5211 -0.1317
vn -0.7552 0.6523 -0.0646
vn -0.5904 0.7568 -0.2806
vn -0.5958 0.6765 -0.4329
vn -0.6467 0.6720 -0.3609
vn -0.5563 0.8042 -0.2091
vn -0.5123 0.7740 -0.3722
vn -0.7017 0.6574 -0.2747
vn 0.0213 0.5788 -0.8152
vn 0.1464 0.4803 -0.8648
vn 0.0045 0.5061 -0.8625
vn 0.2553 0.5635 -0.7857
vn 0.1538 0.5678 -0.8087
vn -0.0971 0.6181 -0.7801
vn -0.0790 0.7393 -0.6687
vn -0.0291 0.7086 -0.7050
vn -0.1353 0.5212 -0.8427
vn -0.1719 0.6523 -0.7382
vn 0.0844 0.7568 -0.6482
vn 0.2276 0.6765 -0.7004
vn 0.1434 0.6720 -0.7266
vn 0.0269 0.8042 -0.5937
vn 0.1957 0.7740 -0.6022
vn 0.0444 0.6574 -0.7523
vn 0.7819 0.5788 -0.2316
vn 0.8677 0.4803 -0.1280
vn 0.8216 0.5061 -0.2623
vn 0.8261 0.5635 -0.0000
vn 0.8167 0.5678 -0.1036
vn 0.7119 0.6181 -0.3334
vn 0.6116 0.7393 -0.2817
vn 0.6615 0.7086 -0.2455
vn 0.7596 0.5211 -0.3891
vn 0.6489 0.6523 -0.3916
vn 0.6426 0.7568 -0.1200
vn 0.7364 0.6765 -0.0000
vn 0.7353 0.6720 -0.0882
vn 0.5730 0.8042 -0.1579
vn 0.6332 0.7740 -0.0000
vn 0.7291 0.6574 -0.1903
vn 0.3895 0.9132 -0.1200
vn 0.3878 0.8776 -0.2817
vn 0.3380 0.9086 -0.2455
vn 0.4091 0.9125 -0.0000
vn 0.4631 0.8721 -0.1579
vn 0.2345 0.9132 -0.3334
vn 0.0852 0.9612 -0.2623
vn 0.1680 0.9582 -0.2316
vn 0.2932 0.8721 -0.3916
vn 0.1264 0.9125 -0.3891
vn 0.2722 0.9582 -0.0882
vn 0.1346 0.9909 -0.0000
vn 0.2757 0.9612 -0.0000
vn 0.0416 0.9909 -0.1280
vn 0.1426 0.9843 -0.1036
vn 0.2619 0.9462 -0.1903
vn 0.5115 0.8277 -0.2309
vn 0.5600 0.7660 -0.3158
vn 0.5714 0.7079 -0.4152
vn 0.4569 0.7393 -0.4946
vn 0.4734 0.7660 -0.4350
vn 0.5730 0.6523 -0.4961
vn 0.3776 0.8277 -0.4152
vn 0.4347 0.8434 -0.3158
vn 0.3272 0.8042 -0.4961
vn 0.4911 0.7947 -0.3568
vn 0.5370 0.6181 -0.5740
vn 0.5033 0.5061 -0.7004
vn 0.4619 0.5788 -0.6721
vn 0.6047 0.5212 -0.6022
vn 0.3111 0.6720 -0.6721
vn 0.3898 0.4803 -0.7857
vn 0.3509 0.5678 -0.7447
vn 0.3127 0.7568 -0.5740
vn 0.4379 0.7086 -0.5532
vn 0.4063 0.6574 -0.6347
vn 0.0062 0.9132 -0.4075
vn -0.1481 0.8776 -0.4559
vn -0.1291 0.9086 -0.3973
vn -0.0070 0.8721 -0.4892
vn -0.2446 0.9132 -0.3261
vn -0.2231 0.9612 -0.1621
vn -0.1684 0.9582 -0.2313
vn -0.2818 0.8721 -0.3999
vn -0.3309 0.9125 -0.2404
vn 0.0002 0.9582 -0.2861
vn -0.1089 0.9909 -0.0791
vn -0.0545 0.9843 -0.1676
vn -0.1000 0.9462 -0.3079
vn -0.0615 0.8277 -0.5578
vn -0.1273 0.7660 -0.6301
vn -0.2183 0.7079 -0.6717
vn -0.3292 0.7393 -0.5874
vn -0.2674 0.7660 -0.5846
vn -0.2948 0.6523 -0.6983
vn -0.2781 0.8277 -0.4874
vn -0.1660 0.8434 -0.5110
vn -0.3708 0.8042 -0.4645
vn -0.1876 0.7947 -0.5773
vn -0.3800 0.6181 -0.6881
vn -0.5106 0.5061 -0.6951
vn -0.4964 0.5788 -0.6470
vn -0.3859 0.5212 -0.7612
vn -0.5430 0.6720 -0.5035
vn -0.6268 0.4803 -0.6135
vn -0.5998 0.5678 -0.5638
vn -0.4493 0.7568 -0.4748
vn -0.3908 0.7086 -0.5875
vn -0.4781 0.6574 -0.5825
vn -0.3857 0.9132 -0.1319
vn -0.4793 0.8776 -0.0000
vn -0.4178 0.9086 -0.0000
vn -0.4674 0.8721 -0.1445
vn -0.3857 0.9132 0.1318
vn -0.2231 0.9612 0.1621
vn -0.2720 0.9582 0.0886
vn -0.4674 0.8721 0.1445
vn -0.3309 0.9125 0.2404
vn -0.2720 0.9582 -0.0886
vn -0.1089 0.9909 0.0791
vn -0.1763 0.9843 -0.0000
vn -0.3237 0.9462 -0.0000
vn -0.5495 0.8277 -0.1139
vn -0.6386 0.7660 -0.0736
vn -0.7063 0.7079 -0.0000
vn -0.6604 0.7393 0.1315
vn -0.6386 0.7660 0.0736
vn -0.7552 0.6523 0.0646
vn -0.5495 0.8277 0.1139
vn -0.5373 0.8434 -0.0000
vn -0.5563 0.8042 0.2091
vn -0.6071 0.7947 -0.0000
vn -0.7719 0.6181 0.1487
vn -0.8189 0.5061 0.2708
vn -0.7687 0.5788 0.2722
vn -0.8432 0.5212 0.1317
vn -0.6467 0.6720 0.3609
vn -0.7772 0.4803 0.4065
vn -0.7216 0.5678 0.3962
vn -0.5904 0.7568 0.2806
vn -0.6795 0.7086 0.1902
vn -0.7017 0.6574 0.2747
vn -0.2446 0.9132 0.3261
vn -0.1481 0.8776 0.4559
vn -0.1291 0.9086 0.3973
vn -0.2818 0.8721 0.3999
vn 0.0062 0.9132 0.4075
vn 0.0852 0.9612 0.2623
vn 0.0002 0.9582 0.2861
vn -0.0070 0.8721 0.4892
vn 0.1264 0.9125 0.3891
vn -0.1684 0.9582 0.2313
vn 0.0416 0.9909 0.1280
vn -0.0545 0.9843 0.1676
vn -0.1000 0.9462 0.3079
vn -0.2781 0.8277 0.4874
vn -0.2674 0.7660 0.5846
vn -0.2183 0.7079 0.6717
vn -0.0790 0.7393 0.6687
vn -0.1273 0.7660 0.6301
vn -0.1719 0.6523 0.7382
vn -0.0615 0.8277 0.5578
vn -0.1660 0.8434 0.5110
vn 0.0269 0.8042 0.5937
vn -0.1876 0.7947 0.5773
vn -0.0971 0.6181 0.7801
vn 0.0045 0.5061 0.8625
vn 0.0213 0.5788 0.8152
vn -0.1353 0.5212 0.8427
vn 0.1434 0.6720 0.7266
vn 0.1464 0.4803 0.8648
vn 0.1538 0.5678 0.8087
vn 0.0844 0.7568 0.6482
vn -0.0291 0.7086 0.7050
vn 0.0444 0.6574 0.7523
vn 0.2345 0.9132 0.3334
vn 0.3878 0.8776 0.2817
vn 0.3380 0.9086 0.2455
vn 0.2932 0.8721 0.3916
vn 0.3895 0.9132 0.1200
vn 0.2722 0.9582 0.0882
vn 0.4631 0.8721 0.1579
vn 0.1680 0.9582 0.2316
vn 0.1426 0.9843 0.1036
vn 0.2619 0.9462 0.1903
vn 0.3776 0.8277 0.4152
vn 0.4734 0.7660 0.4350
vn 0.5714 0.7079 0.4152
vn 0.6116 0.7393 0.2817
vn 0.5600 0.7660 0.3158
vn 0.6489 0.6523 0.3916
vn 0.5115 0.8277 0.2309
vn 0.4347 0.8434 0.3158
vn 0.5730 0.8042 0.1579
vn 0.4911 0.7947 0.3568
vn 0.7119 0.6181 0.3334
vn 0.8216 0.5061 0.2623
vn 0.7819 0.5788 0.2316
vn 0.7596 0.5211 0.3891
vn 0.7353 0.6720 0.0882
vn 0.8677 0.4803 0.1280
vn 0.8167 0.5678 0.1036
vn 0.6426 0.7568 0.1200
vn 0.6615 0.7086 0.2455
vn 0.7291 0.6574 0.1903
vn 0.9261 0.1896 -0.3261
vn 0.8512 0.2600 -0.4559
vn 0.8704 0.2909 -0.3973
vn 0.9642 0.1121 -0.2405
vn 0.9061 0.1379 -0.3999
vn 0.8140 0.4139 -0.4075
vn 0.8569 0.4287 -0.2861
vn 0.7832 0.3837 -0.4892
vn 0.9323 0.2779 -0.2313
vn 0.9350 0.3458 -0.0791
vn 0.9595 0.2303 -0.1621
vn 0.9048 0.3915 -0.1676
vn 0.8910 0.3337 -0.3079
vn 0.8647 0.1214 -0.4874
vn 0.8047 0.1034 -0.5846
vn 0.7308 0.1214 -0.6717
vn 0.6966 0.2600 -0.6687
vn 0.7420 0.2287 -0.6301
vn 0.6603 0.1379 -0.7382
vn 0.7678 0.3152 -0.5578
vn 0.8286 0.2287 -0.5110
vn 0.7073 0.3837 -0.5937
vn 0.7947 0.1876 -0.5773
vn 0.5963 0.1896 -0.7801
vn 0.4507 0.2303 -0.8625
vn 0.5081 0.2779 -0.8152
vn 0.5266 0.1121 -0.8427
vn 0.5369 0.4287 -0.7266
vn 0.3641 0.3458 -0.8648
vn 0.4390 0.3915 -0.8087
vn 0.6391 0.4139 -0.6482
vn 0.6468 0.2909 -0.7050
vn 0.5681 0.3337 -0.7523
vn -0.0239 0.1896 -0.9816
vn -0.1705 0.2600 -0.9504
vn -0.1089 0.2909 -0.9505
vn 0.0693 0.1121 -0.9913
vn -0.1003 0.1379 -0.9853
vn -0.1361 0.4139 -0.9001
vn -0.0073 0.4287 -0.9034
vn -0.2232 0.3837 -0.8961
vn 0.0681 0.2779 -0.9582
vn 0.2137 0.3458 -0.9137
vn 0.1424 0.2303 -0.9626
vn 0.1202 0.3915 -0.9123
vn -0.0175 0.3337 -0.9425
vn -0.1964 0.1214 -0.9730
vn -0.3074 0.1034 -0.9460
vn -0.4130 0.1214 -0.9026
vn -0.4207 0.2600 -0.8691
vn -0.3700 0.2287 -0.9005
vn -0.4980 0.1379 -0.8561
vn -0.2933 0.3152 -0.9026
vn -0.2299 0.2287 -0.9460
vn -0.3461 0.3837 -0.8561
vn -0.3035 0.1876 -0.9342
vn -0.5576 0.1896 -0.8082
vn -0.6810 0.2303 -0.6951
vn -0.6183 0.2779 -0.7352
vn -0.6387 0.1121 -0.7612
vn -0.5251 0.4287 -0.7352
vn -0.7099 0.3458 -0.6136
vn -0.6335 0.3915 -0.6674
vn -0.4190 0.4139 -0.8082
vn -0.4706 0.2909 -0.8330
vn -0.5399 0.3337 -0.7728
vn -0.9409 0.1896 -0.2806
vn -0.9566 0.2600 -0.1315
vn -0.9377 0.2909 -0.1902
vn -0.9214 0.1121 -0.3722
vn -0.9681 0.1379 -0.2091
vn -0.8981 0.4139 -0.1487
vn -0.8614 0.4287 -0.2722
vn -0.9212 0.3837 -0.0646
vn -0.8902 0.2779 -0.3609
vn -0.8029 0.3458 -0.4856
vn -0.8715 0.2303 -0.4329
vn -0.8305 0.3915 -0.3962
vn -0.9018 0.3337 -0.2746
vn -0.9861 0.1214 -0.1139
vn -0.9946 0.1034 -0.0000
vn -0.9861 0.1214 0.1139
vn -0.9566 0.2600 0.1315
vn -0.9707 0.2287 0.0736
vn -0.9681 0.1379 0.2091
vn -0.9490 0.3152 -0.0000
vn -0.9707 0.2287 -0.0736
vn -0.9212 0.3837 0.0646
vn -0.9822 0.1876 -0.0000
vn -0.9409 0.1896 0.2806
vn -0.8715 0.2303 0.4329
vn -0.8902 0.2779 0.3609
vn -0.9214 0.1121 0.3722
vn -0.8614 0.4287 0.2722
vn -0.8029 0.3458 0.4856
vn -0.8305 0.3915 0.3962
vn -0.8981 0.4139 0.1487
vn -0.9377 0.2909 0.1902
vn -0.9018 0.3337 0.2747
vn -0.5576 0.1896 0.8082
vn -0.4207 0.2600 0.8691
vn -0.4706 0.2909 0.8330
vn -0.6387 0.1121 0.7612
vn -0.4980 0.1379 0.8561
vn -0.4190 0.4139 0.8082
vn -0.5251 0.4287 0.7352
vn -0.3461 0.3837 0.8561
vn -0.6183 0.2779 0.7352
vn -0.7099 0.3458 0.6136
vn -0.6810 0.2303 0.6951
vn -0.6335 0.3915 0.6674
vn -0.5399 0.3337 0.7728
vn -0.4130 0.1214 0.9026
vn -0.3074 0.1034 0.9460
vn -0.1964 0.1214 0.9730
vn -0.1705 0.2600 0.9504
vn -0.2299 0.2287 0.9460
vn -0.1003 0.1379 0.9853
vn -0.2933 0.3152 0.9026
vn -0.3700 0.2287 0.9004
vn -0.2232 0.3837 0.8961
vn -0.3035 0.1876 0.9342
vn -0.0239 0.1896 0.9816
vn 0.1424 0.2303 0.9626
vn 0.0681 0.2779 0.9582
vn 0.0693 0.1121 0.9913
vn -0.0073 0.4287 0.9034
vn 0.2137 0.3458 0.9137
vn 0.1202 0.3915 0.9123
vn -0.1361 0.4139 0.9001
vn -0.1089 0.2909 0.9505
vn -0.0175 0.3337 0.9425
vn 0.5963 0.1896 0.7801
vn 0.6966 0.2600 0.6687
vn 0.6468 0.2909 0.7050
vn 0.5266 0.1121 0.8427
vn 0.6603 0.1379 0.7382
vn 0.6391 0.4139 0.6482
vn 0.5369 0.4287 0.7266
vn 0.7073 0.3837 0.5937
vn 0.5081 0.2779 0.8152
vn 0.3641 0.3458 0.8648
vn 0.4507 0.2303 0.8625
vn 0.4390 0.3915 0.8087
vn 0.5681 0.3337 0.7523
vn 0.7308 0.1214 0.6717
vn 0.8047 0.1034 0.5846
vn 0.8647 0.1214 0.4874
vn 0.8512 0.2600 0.4559
vn 0.8286 0.2287 0.5110
vn 0.9061 0.1379 0.3999
vn 0.7678 0.3152 0.5578
vn 0.7420 0.2287 0.6301
vn 0.7832 0.3837 0.4892
vn 0.7947 0.1876 0.5774
vn 0.9261 0.1896 0.3261
vn 0.9595 0.2303 0.1621
vn 0.9323 0.2779 0.2313
vn 0.9642 0.1121 0.2405
vn 0.8569 0.4287 0.2861
vn 0.9350 0.3458 0.0791
vn 0.9048 0.3915 0.1676
vn 0.8140 0.4139 0.4075
vn 0.8704 0.2909 0.3973
vn 0.8910 0.3337 0.3079
vn 0.4311 0.0634 -0.9001
vn 0.3088 -0.0362 -0.9504
vn 0.3089 0.0327 -0.9505
vn 0.4431 -0.0281 -0.8961
vn 0.1803 0.0634 -0.9816
vn 0.2181 0.1852 -0.9582
vn 0.1683 -0.0281 -0.9853
vn 0.3867 0.1852 -0.9034
vn 0.2964 0.2826 -0.9123
vn 0.3062 0.1336 -0.9425
vn 0.4130 -0.1214 -0.9026
vn 0.3700 -0.2287 -0.9004
vn 0.2933 -0.3152 -0.9026
vn 0.1705 -0.2600 -0.9504
vn 0.2299 -0.2287 -0.9460
vn 0.2232 -0.3837 -0.8961
vn 0.1964 -0.1214 -0.9730
vn 0.3074 -0.1034 -0.9460
vn 0.1003 -0.1379 -0.9853
vn 0.3035 -0.1876 -0.9342
vn 0.1361 -0.4139 -0.9001
vn -0.0045 -0.5061 -0.8625
vn 0.0073 -0.4287 -0.9034
vn 0.1353 -0.5212 -0.8427
vn -0.0681 -0.2779 -0.9582
vn -0.1464 -0.4803 -0.8648
vn -0.1202 -0.3915 -0.9123
vn 0.0239 -0.1896 -0.9816
vn 0.1089 -0.2909 -0.9505
vn 0.0175 -0.3337 -0.9425
vn -0.7228 0.0634 -0.6881
vn -0.8085 -0.0362 -0.5874
vn -0.8086 0.0327 -0.5875
vn -0.7153 -0.0281 -0.6983
vn -0.8778 0.0634 -0.4748
vn -0.8439 0.1852 -0.5035
vn -0.8851 -0.0281 -0.4645
vn -0.7397 0.1852 -0.6470
vn -0.7760 0.2826 -0.5638
vn -0.8018 0.1336 -0.5825
vn -0.7308 -0.1214 -0.6717
vn -0.7420 -0.2287 -0.6301
vn -0.7678 -0.3152 -0.5578
vn -0.8512 -0.2600 -0.4559
vn -0.8286 -0.2287 -0.5110
vn -0.7832 -0.3837 -0.4892
vn -0.8647 -0.1214 -0.4874
vn -0.8047 -0.1034 -0.5846
vn -0.9061 -0.1379 -0.3999
vn -0.7947 -0.1876 -0.5773
vn -0.8140 -0.4139 -0.4075
vn -0.8216 -0.5061 -0.2623
vn -0.8569 -0.4287 -0.2861
vn -0.7596 -0.5211 -0.3891
vn -0.9323 -0.2779 -0.2313
vn -0.8677 -0.4803 -0.1280
vn -0.9048 -0.3915 -0.1676
vn -0.9261 -0.1896 -0.3261
vn -0.8704 -0.2909 -0.3973
vn -0.8910 -0.3337 -0.3079
vn -0.8778 0.0634 0.4748
vn -0.8085 -0.0362 0.5874
vn -0.8086 0.0327 0.5875
vn -0.8851 -0.0281 0.4645
vn -0.7228 0.0634 0.6881
vn -0.7397 0.1852 0.6470
vn -0.7153 -0.0281 0.6983
vn -0.8439 0.1852 0.5035
vn -0.7760 0.2826 0.5638
vn -0.8018 0.1336 0.5825
vn -0.8647 -0.1214 0.4874
vn -0.8286 -0.2287 0.5110
vn -0.7678 -0.3152 0.5578
vn -0.6966 -0.2600 0.6687
vn -0.7420 -0.2287 0.6301
vn -0.7073 -0.3837 0.5937
vn -0.7308 -0.1214 0.6717
vn -0.8047 -0.1034 0.5846
vn -0.6603 -0.1379 0.7382
vn -0.7947 -0.1876 0.5773
vn -0.6391 -0.4139 0.6482
vn -0.5033 -0.5061 0.7004
vn -0.5369 -0.4287 0.7266
vn -0.6047 -0.5212 0.6022
vn -0.5081 -0.2779 0.8152
vn -0.3898 -0.4803 0.7857
vn -0.4390 -0.3915 0.8087
vn -0.5963 -0.1896 0.7801
vn -0.6468 -0.2909 0.7050
vn -0.5681 -0.3337 0.7523
vn 0.1803 0.0634 0.9816
vn 0.3088 -0.0362 0.9504
vn 0.3089 0.0327 0.9505
vn 0.1683 -0.0281 0.9853
vn 0.4311 0.0634 0.9001
vn 0.3867 0.1852 0.9034
vn 0.4431 -0.0281 0.8961
vn 0.2181 0.1852 0.9582
vn 0.2964 0.2826 0.9123
vn 0.3062 0.1336 0.9425
vn 0.1964 -0.1214 0.9730
vn 0.2299 -0.2287 0.9460
vn 0.2933 -0.3152 0.9026
vn 0.4207 -0.2600 0.8691
vn 0.3700 -0.2287 0.9004
vn 0.3461 -0.3837 0.8561
vn 0.4130 -0.1214 0.9026
vn 0.3074 -0.1034 0.9460
vn 0.4980 -0.1379 0.8561
vn 0.3035 -0.1876 0.9342
vn 0.4190 -0.4139 0.8082
vn 0.5106 -0.5061 0.6951
vn 0.5251 -0.4287 0.7352
vn 0.3859 -0.5212 0.7612
vn 0.6183 -0.2779 0.7352
vn 0.6268 -0.4803 0.6135
vn 0.6335 -0.3915 0.6674
vn 0.5576 -0.1896 0.8082
vn 0.4706 -0.2909 0.8330
vn 0.5399 -0.3337 0.7728
vn 0.9892 0.0634 0.1319
vn 0.9993 -0.0362 -0.0000
vn 0.9995 0.0327 -0.0000
vn 0.9891 -0.0281 0.1445
vn 0.9892 0.0634 -0.1319
vn 0.9787 0.1852 -0.0886
vn 0.9891 -0.0281 -0.1445
vn 0.9787 0.1852 0.0886
vn 0.9592 0.2826 -0.0000
vn 0.9910 0.1336 -0.0000
vn 0.9861 -0.1214 0.1139
vn 0.9707 -0.2287 0.0736
vn 0.9490 -0.3152 -0.0000
vn 0.9566 -0.2600 -0.1315
vn 0.9707 -0.2287 -0.0736
vn 0.9212 -0.3837 -0.0646
vn 0.9861 -0.1214 -0.1139
vn 0.9946 -0.1034 -0.0000
vn 0.9681 -0.1379 -0.2091
vn 0.9822 -0.1876 -0.0000
vn 0.8981 -0.4139 -0.1487
vn 0.8189 -0.5061 -0.2708
vn 0.8614 -0.4287 -0.2722
vn 0.8432 -0.5212 -0.1317
vn 0.8902 -0.2779 -0.3609
vn 0.7772 -0.4803 -0.4065
vn 0.8305 -0.3915 -0.3962
vn 0.9409 -0.1896 -0.2806
vn 0.9377 -0.2909 -0.1902
vn 0.9018 -0.3337 -0.2747
vn 0.4493 -0.7568 -0.4748
vn 0.3292 -0.7393 -0.5874
vn 0.3908 -0.7086 -0.5875
vn 0.5123 -0.7740 -0.3722
vn 0.3708 -0.8042 -0.4645
vn 0.3800 -0.6181 -0.6881
vn 0.4964 -0.5788 -0.6470
vn 0.2948 -0.6523 -0.6983
vn 0.5430 -0.6720 -0.5035
vn 0.6683 -0.5635 -0.4856
vn 0.5958 -0.6765 -0.4329
vn 0.5998 -0.5678 -0.5638
vn 0.4781 -0.6574 -0.5825
vn 0.2781 -0.8277 -0.4874
vn 0.1660 -0.8434 -0.5110
vn 0.0615 -0.8277 -0.5578
vn 0.0790 -0.7393 -0.6687
vn 0.1273 -0.7660 -0.6301
vn -0.0269 -0.8042 -0.5937
vn 0.2183 -0.7079 -0.6717
vn 0.2674 -0.7660 -0.5846
vn 0.1719 -0.6523 -0.7382
vn 0.1876 -0.7947 -0.5773
vn -0.0844 -0.7568 -0.6482
vn -0.2276 -0.6765 -0.7004
vn -0.1434 -0.6720 -0.7266
vn -0.1957 -0.7740 -0.6022
vn -0.0213 -0.5788 -0.8152
vn -0.2553 -0.5635 -0.7857
vn -0.1538 -0.5678 -0.8087
vn 0.0971 -0.6181 -0.7800
vn 0.0291 -0.7086 -0.7050
vn -0.0444 -0.6574 -0.7523
vn -0.3127 -0.7568 -0.5740
vn -0.4569 -0.7393 -0.4946
vn -0.4379 -0.7086 -0.5532
vn -0.3272 -0.8042 -0.4961
vn -0.5370 -0.6181 -0.5740
vn -0.4619 -0.5788 -0.6721
vn -0.5730 -0.6523 -0.4961
vn -0.3111 -0.6720 -0.6721
vn -0.3509 -0.5678 -0.7447
vn -0.4063 -0.6574 -0.6347
vn -0.3776 -0.8277 -0.4152
vn -0.4347 -0.8434 -0.3158
vn -0.5115 -0.8277 -0.2309
vn -0.6116 -0.7393 -0.2817
vn -0.5600 -0.7660 -0.3158
vn -0.5730 -0.8042 -0.1579
vn -0.5714 -0.7079 -0.4152
vn -0.4734 -0.7660 -0.4350
vn -0.6489 -0.6523 -0.3916
vn -0.4911 -0.7947 -0.3568
vn -0.6426 -0.7568 -0.1200
vn -0.7364 -0.6765 -0.0000
vn -0.7353 -0.6720 -0.0882
vn -0.6332 -0.7740 -0.0000
vn -0.7819 -0.5788 -0.2316
vn -0.8261 -0.5635 -0.0000
vn -0.8167 -0.5678 -0.1036
vn -0.7119 -0.6181 -0.3334
vn -0.6615 -0.7086 -0.2455
vn -0.7291 -0.6574 -0.1903
vn -0.6426 -0.7568 0.1200
vn -0.6116 -0.7393 0.2817
vn -0.6615 -0.7086 0.2455
vn -0.5730 -0.8042 0.1579
vn -0.7119 -0.6181 0.3334
vn -0.7819 -0.5788 0.2316
vn -0.6489 -0.6523 0.3916
vn -0.7353 -0.6720 0.0882
vn -0.8167 -0.5678 0.1036
vn -0.7291 -0.6574 0.1903
vn -0.5115 -0.8277 0.2309
vn -0.4347 -0.8434 0.3158
vn -0.3776 -0.8277 0.4152
vn -0.4569 -0.7393 0.4946
vn -0.4734 -0.7660 0.4350
vn -0.3272 -0.8042 0.4961
vn -0.5714 -0.7079 0.4152
vn -0.5600 -0.7660 0.3158
vn -0.5730 -0.6523 0.4961
vn -0.4911 -0.7947 0.3568
vn -0.3127 -0.7568 0.5740
vn -0.2276 -0.6765 0.7004
vn -0.3111 -0.6720 0.6721
vn -0.1957 -0.7740 0.6022
vn -0.4619 -0.5788 0.6721
vn -0.2553 -0.5635 0.7857
vn -0.3509 -0.5678 0.7447
vn -0.5370 -0.6181 0.5740
vn -0.4379 -0.7086 0.5532
vn -0.4063 -0.6574 0.6347
vn 0.7719 -0.6181 -0.1487
vn 0.6604 -0.7393 -0.1315
vn 0.6795 -0.7086 -0.1902
vn 0.7552 -0.6523 -0.0646
vn 0.5904 -0.7568 -0.2806
vn 0.6467 -0.6720 -0.3609
vn 0.5563 -0.8042 -0.2091
vn 0.7687 -0.5788 -0.2722
vn 0.7216 -0.5678 -0.3962
vn 0.7017 -0.6574 -0.2746
vn 0.7063 -0.7079 -0.0000
vn 0.6386 -0.7660 0.0736
vn 0.5495 -0.8277 0.1139
vn 0.4793 -0.8776 -0.0000
vn 0.5373 -0.8434 -0.0000
vn 0.4674 -0.8721 0.1445
vn 0.5495 -0.8277 -0.1139
vn 0.6386 -0.7660 -0.0736
vn 0.4674 -0.8721 -0.1445
vn 0.6071 -0.7947 -0.0000
vn 0.3857 -0.9132 0.1319
vn 0.2720 -0.9582 0.0886
vn 0.2720 -0.9582 -0.0886
vn 0.1763 -0.9843 -0.0000
vn 0.3857 -0.9132 -0.1318
vn 0.4178 -0.9086 -0.0000
vn 0.3237 -0.9462 -0.0000
vn -0.0844 -0.7568 0.6482
vn 0.0790 -0.7393 0.6687
vn 0.0291 -0.7086 0.7050
vn -0.0269 -0.8042 0.5937
vn 0.0971 -0.6181 0.7801
vn -0.0213 -0.5788 0.8152
vn 0.1719 -0.6523 0.7382
vn -0.1434 -0.6720 0.7266
vn -0.1538 -0.5678 0.8087
vn -0.0444 -0.6574 0.7523
vn 0.0615 -0.8277 0.5578
vn 0.1660 -0.8434 0.5110
vn 0.2781 -0.8277 0.4874
vn 0.3292 -0.7393 0.5874
vn 0.2674 -0.7660 0.5846
vn 0.3708 -0.8042 0.4645
vn 0.2183 -0.7079 0.6717
vn 0.1273 -0.7660 0.6301
vn 0.2948 -0.6523 0.6983
vn 0.1876 -0.7947 0.5773
vn 0.4493 -0.7568 0.4748
vn 0.5430 -0.6720 0.5035
vn 0.4964 -0.5788 0.6470
vn 0.5998 -0.5678 0.5638
vn 0.3800 -0.6181 0.6881
vn 0.3908 -0.7086 0.5875
vn 0.4781 -0.6574 0.5825
vn -0.0000 -1.0000 -0.0000
vn 0.4253 -0.8507 0.3090
vn -0.1625 -0.8507 0.5000
vn 0.7236 -0.4472 0.5257
vn 0.8506 -0.5257 -0.0000
vn -0.5257 -0.8507 -0.0000
vn -0.1625 -0.8507 -0.5000
vn 0.4253 -0.8507 -0.3090
vn 0.9511 -0.0000 0.3090
vn -0.2764 -0.4472 0.8506
vn 0.2629 -0.5257 0.8090
vn -0.0000 -0.0000 1.0000
vn -0.8944 -0.4472 -0.0000
vn -0.6882 -0.5257 0.5000
vn -0.9511 -0.0000 0.3090
vn -0.2764 -0.4472 -0.8506
vn -0.6882 -0.5257 -0.5000
vn -0.5878 -0.0000 -0.8090
vn 0.7236 -0.4472 -0.5257
vn 0.2629 -0.5257 -0.8090
vn 0.5878 -0.0000 -0.8090
vn 0.5878 -0.0000 0.8090
vn -0.5878 -0.0000 0.8090
vn -0.9511 -0.0000 -0.3090
vn -0.0000 -0.0000 -1.0000
vn 0.9511 -0.0000 -0.3090
vn 0.2764 0.4472 0.8506
vn 0.6882 0.5257 0.5000
vn 0.1625 0.8507 0.5000
vn -0.7236 0.4472 0.5257
vn -0.2629 0.5257 0.8090
vn -0.4253 0.8507 0.3090
vn -0.7236 0.4472 -0.5257
vn -0.8506 0.5257 -0.0000
vn -0.4253 0.8507 -0.3090
vn 0.2764 0.4472 -0.8506
vn -0.2629 0.5257 -0.8090
vn 0.1625 0.8507 -0.5000
vn 0.8944 0.4472 -0.0000
vn 0.6882 0.5257 -0.5000
vn 0.5257 0.8507 -0.0000
vn -0.0000 1.0000 -0.0000
vt 0.708685 0.841668
vt 0.739688 0.838240
vt 0.723266 0.856386
vt 0.732757 0.805216
vt 0.721860 0.824742
vt 0.691775 0.855392
vt 0.663458 0.837001
vt 0.683847 0.832721
vt 0.706017 0.875444
vt 0.670330 0.865481
vt 0.681991 0.808776
vt 0.710424 0.795205
vt 0.702991 0.814543
vt 0.658298 0.808160
vt 0.686969 0.784690
vt 0.698466 0.829653
vt 0.024057 0.344882
vt 0.053336 0.326610
vt 0.045828 0.352522
vt 0.030925 0.296920
vt 0.029191 0.321597
vt 0.672394 0.951654
vt 0.704815 0.969063
vt 0.683028 0.975923
vt 0.656283 0.930397
vt 0.694632 0.939606
vt 0.671912 0.664287
vt 0.705042 0.653593
vt 0.693838 0.674021
vt 0.647234 0.659621
vt 0.680697 0.639510
vt 0.637109 0.951583
vt 0.666868 0.980660
vt 0.654271 0.967848
vt 0.646788 0.690534
vt 0.685909 0.689861
vt 0.669315 0.690321
vt 0.005375 0.320275
vt 0.007968 0.337703
vt 0.719916 0.776789
vt 0.762023 0.788419
vt 0.740084 0.784090
vt 0.701639 0.764948
vt 0.710379 0.732333
vt 0.720750 0.750403
vt 0.685416 0.747670
vt 0.742949 0.741238
vt 0.764643 0.764086
vt 0.743954 0.762992
vt 0.736214 0.718514
vt 0.767395 0.738529
vt 0.728185 0.763357
vt 0.785090 0.767422
vt 0.787041 0.811062
vt 0.784379 0.788860
vt 0.790704 0.746380
vt 0.824423 0.744614
vt 0.810442 0.760062
vt 0.802122 0.725612
vt 0.826019 0.778342
vt 0.810993 0.806034
vt 0.805640 0.786021
vt 0.845548 0.764914
vt 0.836149 0.800755
vt 0.800419 0.771136
vt 0.814138 0.826512
vt 0.773237 0.841853
vt 0.793530 0.832460
vt 0.835884 0.825349
vt 0.847984 0.856872
vt 0.828972 0.848349
vt 0.859165 0.829791
vt 0.816400 0.868812
vt 0.785420 0.863079
vt 0.802800 0.851803
vt 0.835205 0.883237
vt 0.798215 0.885372
vt 0.815343 0.842239
vt 0.004830 0.274178
vt 0.003842 0.297241
vt 0.052614 0.266711
vt 0.028605 0.272293
vt 0.697749 0.619916
vt 0.707299 0.586645
vt 0.718091 0.604917
vt 0.682056 0.601293
vt 0.741041 0.594342
vt 0.767035 0.616968
vt 0.743785 0.617887
vt 0.732306 0.571632
vt 0.766417 0.588846
vt 0.726290 0.618797
vt 0.717052 0.633677
vt 0.022924 0.249139
vt 0.007010 0.256695
vt 0.251770 0.823584
vt 0.277476 0.846766
vt 0.250390 0.846627
vt 0.299674 0.816929
vt 0.275574 0.822103
vt 0.212565 0.359551
vt 0.221059 0.325995
vt 0.232423 0.343916
vt 0.196141 0.379673
vt 0.196291 0.341433
vt 0.255028 0.332620
vt 0.281724 0.354414
vt 0.258515 0.356067
vt 0.245579 0.310198
vt 0.280217 0.326325
vt 0.220920 0.392980
vt 0.241057 0.357529
vt 0.232294 0.372694
vt 0.270287 0.798856
vt 0.254246 0.806141
vt 0.004517 0.705347
vt 0.031147 0.727460
vt 0.004079 0.728426
vt 0.052109 0.696742
vt 0.028240 0.702895
vt 0.458027 0.912470
vt 0.467090 0.879063
vt 0.478148 0.897175
vt 0.441265 0.932311
vt 0.442063 0.894079
vt 0.500941 0.886264
vt 0.527264 0.908508
vt 0.504030 0.909767
vt 0.491874 0.863685
vt 0.526233 0.880398
vt 0.465814 0.946036
vt 0.486550 0.910932
vt 0.477530 0.925946
vt 0.022009 0.679883
vt 0.006280 0.687817
vt 0.250139 0.401367
vt 0.276025 0.424347
vt 0.248939 0.424420
vt 0.297990 0.394338
vt 0.273930 0.399700
vt 0.214228 0.785743
vt 0.221919 0.751994
vt 0.233708 0.769640
vt 0.198288 0.806252
vt 0.197526 0.768018
vt 0.256036 0.757808
vt 0.283244 0.778959
vt 0.260081 0.781165
vt 0.246055 0.735617
vt 0.281068 0.750914
vt 0.223378 0.818964
vt 0.242663 0.783043
vt 0.234264 0.798413
vt 0.268462 0.376494
vt 0.252479 0.383905
vt 0.492818 0.528018
vt 0.518181 0.551574
vt 0.491101 0.551038
vt 0.540814 0.522066
vt 0.516641 0.526886
vt 0.457083 0.488641
vt 0.465884 0.455164
vt 0.477084 0.473189
vt 0.440475 0.508612
vt 0.440976 0.470375
vt 0.499790 0.462100
vt 0.526286 0.484138
vt 0.503063 0.485579
vt 0.490547 0.439593
vt 0.525036 0.456037
vt 0.465131 0.522145
vt 0.485592 0.486881
vt 0.476690 0.501965
vt 0.511695 0.503564
vt 0.495550 0.510613
vt 0.066830 0.235335
vt 0.044508 0.240993
vt 0.087257 0.278246
vt 0.075220 0.257412
vt 0.792364 0.593062
vt 0.827476 0.583635
vt 0.816455 0.603304
vt 0.800134 0.569178
vt 0.112619 0.230721
vt 0.108383 0.263408
vt 0.095258 0.245877
vt 0.127269 0.211257
vt 0.130319 0.248762
vt 0.808064 0.617644
vt 0.790349 0.616978
vt 0.100200 0.197107
vt 0.084222 0.232622
vt 0.090550 0.217437
vt 0.314421 0.785799
vt 0.292006 0.791078
vt 0.334117 0.829051
vt 0.322434 0.808015
vt 0.306285 0.329718
vt 0.341081 0.319185
vt 0.330687 0.339194
vt 0.313296 0.305601
vt 0.360281 0.781963
vt 0.355491 0.814573
vt 0.342666 0.796822
vt 0.375260 0.762750
vt 0.377673 0.800302
vt 0.322754 0.353792
vt 0.305027 0.353686
vt 0.348435 0.748143
vt 0.331856 0.783382
vt 0.338442 0.768306
vt 0.065573 0.665036
vt 0.043392 0.671226
vt 0.087017 0.707448
vt 0.074486 0.686907
vt 0.552239 0.884232
vt 0.587209 0.874291
vt 0.576477 0.894121
vt 0.559659 0.860237
vt 0.111238 0.659332
vt 0.107783 0.692110
vt 0.094244 0.674897
vt 0.125420 0.639524
vt 0.129364 0.676946
vt 0.568298 0.908582
vt 0.550576 0.908176
vt 0.098022 0.626023
vt 0.082895 0.661910
vt 0.088860 0.646578
vt 0.312492 0.363094
vt 0.290120 0.368547
vt 0.332526 0.406191
vt 0.320679 0.385247
vt 0.307209 0.753684
vt 0.341744 0.742325
vt 0.331830 0.762575
vt 0.313643 0.729406
vt 0.358322 0.358900
vt 0.353787 0.391547
vt 0.340823 0.373896
vt 0.373149 0.339571
vt 0.375856 0.377103
vt 0.324248 0.777359
vt 0.306524 0.777676
vt 0.346211 0.325173
vt 0.329908 0.360541
vt 0.336376 0.345414
vt 0.556015 0.491155
vt 0.533525 0.496105
vt 0.575076 0.534691
vt 0.563702 0.513487
vt 0.551071 0.459668
vt 0.585963 0.449455
vt 0.575386 0.469367
vt 0.558303 0.435616
vt 0.601927 0.487992
vt 0.596660 0.520528
vt 0.584096 0.502591
vt 0.617185 0.469000
vt 0.619048 0.506583
vt 0.567320 0.483892
vt 0.549595 0.483624
vt 0.590577 0.454001
vt 0.573484 0.488994
vt 0.580289 0.474016
vt 0.233204 0.118008
vt 0.238205 0.150954
vt 0.218415 0.134376
vt 0.273620 0.142865
vt 0.252103 0.131435
vt 0.217223 0.101063
vt 0.233409 0.068811
vt 0.240767 0.090100
vt 0.197456 0.117634
vt 0.204455 0.079710
vt 0.768609 0.336680
vt 0.792464 0.362680
vt 0.768880 0.360983
vt 0.762502 0.312136
vt 0.795170 0.334235
vt 0.245550 0.105869
vt 0.733887 0.324490
vt 0.750924 0.360326
vt 0.743520 0.345202
vt 0.262633 0.110276
vt 0.482762 0.671313
vt 0.487203 0.704339
vt 0.467698 0.687427
vt 0.522750 0.696852
vt 0.501430 0.685059
vt 0.467072 0.654099
vt 0.483802 0.622126
vt 0.490798 0.643537
vt 0.447027 0.670333
vt 0.454668 0.632532
vt 0.944155 0.268782
vt 0.976254 0.254129
vt 0.967352 0.276034
vt 0.918925 0.267006
vt 0.950037 0.242766
vt 0.495312 0.659386
vt 0.921832 0.298037
vt 0.961179 0.292908
vt 0.944506 0.295276
vt 0.512318 0.664082
vt 0.229101 0.543776
vt 0.234885 0.576593
vt 0.214706 0.560492
vt 0.270097 0.567662
vt 0.248314 0.556749
vt 0.212721 0.527218
vt 0.228133 0.494588
vt 0.235997 0.515696
vt 0.193355 0.544255
vt 0.199447 0.506174
vt 0.933826 0.080848
vt 0.929810 0.045791
vt 0.947892 0.061027
vt 0.924341 0.104293
vt 0.910902 0.067214
vt 0.241154 0.531347
vt 0.954752 0.111118
vt 0.962033 0.072112
vt 0.959133 0.088700
vt 0.258336 0.535345
vt 0.479933 0.247296
vt 0.484632 0.280287
vt 0.464995 0.263527
vt 0.520119 0.272522
vt 0.498708 0.260896
vt 0.464109 0.230205
vt 0.480589 0.198103
vt 0.487752 0.219459
vt 0.444191 0.246595
vt 0.451537 0.208736
vt 0.751898 0.032594
vt 0.717316 0.025581
vt 0.737394 0.013092
vt 0.771266 0.048861
vt 0.731847 0.050184
vt 0.492390 0.235271
vt 0.787153 0.022047
vt 0.752307 0.003069
vt 0.767187 0.010953
vt 0.509431 0.239835
vt 0.726014 0.379148
vt 0.729971 0.412235
vt 0.710715 0.395039
vt 0.765623 0.405269
vt 0.744479 0.393165
vt 0.710577 0.361706
vt 0.727774 0.329981
vt 0.734456 0.351492
vt 0.690297 0.377643
vt 0.698491 0.339959
vt 0.649787 0.190708
vt 0.632431 0.221430
vt 0.626757 0.198476
vt 0.671242 0.177315
vt 0.660320 0.215213
vt 0.738737 0.367405
vt 0.650650 0.153919
vt 0.621833 0.181196
vt 0.633929 0.169480
vt 0.755672 0.372350
vt 0.732620 0.174490
vt 0.720129 0.143120
vt 0.739245 0.151406
vt 0.732662 0.199086
vt 0.709286 0.170338
vt 0.751563 0.130788
vt 0.782611 0.136135
vt 0.765373 0.147626
vt 0.732578 0.116599
vt 0.769540 0.114002
vt 0.754350 0.173056
vt 0.781639 0.188168
vt 0.757751 0.193493
vt 0.795058 0.157207
vt 0.774884 0.166852
vt 0.752950 0.157346
vt 0.687467 0.156923
vt 0.668723 0.138570
vt 0.694409 0.314020
vt 0.672610 0.284161
vt 0.695786 0.287714
vt 0.668070 0.314839
vt 0.707870 0.109848
vt 0.699709 0.134270
vt 0.711659 0.084066
vt 0.713763 0.290721
vt 0.720021 0.307840
vt 0.680506 0.085035
vt 0.683079 0.127062
vt 0.681662 0.108718
vt 0.644112 0.306836
vt 0.609730 0.312751
vt 0.623705 0.294103
vt 0.631863 0.330362
vt 0.551580 0.258522
vt 0.531039 0.247934
vt 0.537994 0.304801
vt 0.543212 0.280832
vt 0.706764 0.059252
vt 0.680430 0.062194
vt 0.566557 0.285597
vt 0.566508 0.267945
vt 0.680710 0.045356
vt 0.696686 0.037135
vt 0.633742 0.279500
vt 0.650249 0.281329
vt 0.792919 0.106362
vt 0.818893 0.084789
vt 0.816921 0.105529
vt 0.789657 0.082887
vt 0.840335 0.110872
vt 0.844845 0.142053
vt 0.828589 0.129210
vt 0.847964 0.088432
vt 0.861854 0.122782
vt 0.800997 0.126585
vt 0.828650 0.160402
vt 0.813243 0.144196
vt 0.815506 0.120399
vt 0.795674 0.057990
vt 0.807336 0.034493
vt 0.446873 0.182895
vt 0.424410 0.153533
vt 0.447660 0.156565
vt 0.420560 0.184306
vt 0.846748 0.062848
vt 0.821000 0.062632
vt 0.872440 0.058484
vt 0.465700 0.159167
vt 0.472341 0.176141
vt 0.861892 0.029155
vt 0.822717 0.044590
vt 0.839725 0.037573
vt 0.396428 0.176843
vt 0.362187 0.183528
vt 0.375741 0.164571
vt 0.384711 0.200638
vt 0.301079 0.552630
vt 0.280199 0.542727
vt 0.289028 0.599333
vt 0.293451 0.575205
vt 0.894527 0.046160
vt 0.883592 0.022025
vt 0.316940 0.579196
vt 0.316309 0.561556
vt 0.899691 0.017087
vt 0.912447 0.029741
vt 0.385448 0.149746
vt 0.401991 0.151204
vt 0.876345 0.142655
vt 0.904889 0.160692
vt 0.884555 0.165225
vt 0.897664 0.132299
vt 0.886709 0.189145
vt 0.858447 0.203069
vt 0.865639 0.183641
vt 0.910407 0.189466
vt 0.882031 0.213291
vt 0.859608 0.156588
vt 0.835991 0.193337
vt 0.846644 0.173677
vt 0.869975 0.168475
vt 0.923202 0.130328
vt 0.949152 0.134158
vt 0.193934 0.480502
vt 0.170513 0.451897
vt 0.193851 0.454160
vt 0.167682 0.482780
vt 0.934364 0.180403
vt 0.926613 0.155849
vt 0.946454 0.203489
vt 0.211967 0.456165
vt 0.219164 0.472911
vt 0.971087 0.184394
vt 0.944302 0.151906
vt 0.956231 0.165913
vt 0.143316 0.476118
vt 0.109315 0.483930
vt 0.122236 0.464536
vt 0.132391 0.500287
vt 0.554319 0.683097
vt 0.533861 0.672349
vt 0.540372 0.729268
vt 0.545777 0.705341
vt 0.965000 0.220686
vt 0.984575 0.202828
vt 0.569083 0.710288
vt 0.569172 0.692636
vt 0.994246 0.216614
vt 0.986153 0.232655
vt 0.131448 0.449399
vt 0.148030 0.450310
vt 0.867608 0.233214
vt 0.859275 0.265935
vt 0.848680 0.247996
vt 0.884046 0.250288
vt 0.826597 0.257437
vt 0.804620 0.234861
vt 0.825321 0.235697
vt 0.833615 0.280074
vt 0.802187 0.260450
vt 0.849185 0.221601
vt 0.806937 0.210497
vt 0.828927 0.214553
vt 0.841084 0.235135
vt 0.893813 0.273967
vt 0.898189 0.299832
vt 0.450206 0.606656
vt 0.427972 0.577120
vt 0.451197 0.580332
vt 0.423883 0.607861
vt 0.849637 0.300059
vt 0.870594 0.285098
vt 0.831417 0.318690
vt 0.469217 0.583075
vt 0.475725 0.600101
vt 0.857190 0.336217
vt 0.879811 0.300704
vt 0.870175 0.316377
vt 0.399809 0.600210
vt 0.365517 0.606628
vt 0.379218 0.587777
vt 0.387907 0.623913
vt 0.304951 0.128576
vt 0.284313 0.118177
vt 0.291790 0.174977
vt 0.296788 0.150962
vt 0.820793 0.341643
vt 0.843826 0.354741
vt 0.320175 0.155513
vt 0.319964 0.137862
vt 0.833703 0.368199
vt 0.815946 0.365459
vt 0.389040 0.573029
vt 0.405572 0.574616
vt 0.778782 0.252890
vt 0.745087 0.255075
vt 0.758874 0.239455
vt 0.767622 0.273799
vt 0.743071 0.221370
vt 0.763353 0.213438
vt 0.723710 0.235040
vt 0.784133 0.231780
vt 0.784577 0.210335
vt 0.768758 0.228257
vt 0.748121 0.290404
vt 0.724874 0.302559
vt 0.199554 0.053913
vt 0.176822 0.024758
vt 0.200099 0.027577
vt 0.173255 0.055565
vt 0.709654 0.256453
vt 0.730359 0.271762
vt 0.686305 0.244883
vt 0.218162 0.030013
vt 0.224959 0.046925
vt 0.677600 0.274810
vt 0.718366 0.285350
vt 0.700481 0.281029
vt 0.149055 0.048324
vt 0.114877 0.055323
vt 0.128256 0.036242
vt 0.137557 0.072225
vt 0.797391 0.391979
vt 0.777092 0.380933
vt 0.782769 0.437941
vt 0.788524 0.414096
vt 0.661192 0.241871
vt 0.655853 0.267824
vt 0.811755 0.419383
vt 0.812102 0.401734
vt 0.639925 0.262355
vt 0.637044 0.244621
vt 0.137826 0.021329
vt 0.154382 0.022635
vt 0.673754 0.447882
vt 0.652271 0.421809
vt 0.673099 0.423755
vt 0.680829 0.471257
vt 0.650413 0.450856
vt 0.678444 0.399959
vt 0.697334 0.411963
vt 0.655516 0.392592
vt 0.694291 0.440159
vt 0.725498 0.447257
vt 0.703393 0.459048
vt 0.712606 0.428028
vt 0.688189 0.425317
vt 0.625876 0.445060
vt 0.602562 0.433900
vt 0.573915 0.414545
vt 0.579660 0.378044
vt 0.593517 0.396995
vt 0.554977 0.396549
vt 0.629915 0.394414
vt 0.630171 0.419999
vt 0.624824 0.368958
vt 0.604049 0.411884
vt 0.596284 0.428386
vt 0.596151 0.380369
vt 0.612318 0.418594
vt 0.605039 0.401978
vt 0.543846 0.374497
vt 0.516427 0.356033
vt 0.537963 0.352109
vt 0.519565 0.382328
vt 0.559971 0.331211
vt 0.564605 0.308620
vt 0.512663 0.330685
vt 0.536473 0.329071
vt 0.611707 0.347534
vt 0.588314 0.359278
vt 0.554747 0.348052
vt 0.582793 0.343636
vt 0.594723 0.330563
vt 0.565587 0.360446
vt 0.429229 0.317187
vt 0.407166 0.291603
vt 0.428033 0.293081
vt 0.436828 0.340398
vt 0.405961 0.320685
vt 0.432843 0.269171
vt 0.451998 0.280748
vt 0.409755 0.262320
vt 0.449588 0.309005
vt 0.480947 0.315400
vt 0.459112 0.327685
vt 0.467627 0.296465
vt 0.443155 0.294304
vt 0.381300 0.315442
vt 0.357741 0.304808
vt 0.328551 0.707831
vt 0.333088 0.671161
vt 0.347563 0.689643
vt 0.309029 0.690470
vt 0.384201 0.264717
vt 0.385032 0.290290
vt 0.378540 0.239382
vt 0.358580 0.704177
vt 0.351364 0.720926
vt 0.350131 0.251434
vt 0.367151 0.289286
vt 0.359501 0.272838
vt 0.297176 0.668798
vt 0.269163 0.651249
vt 0.290558 0.646617
vt 0.273167 0.677426
vt 0.311864 0.625003
vt 0.315749 0.602272
vt 0.264565 0.626038
vt 0.288308 0.623640
vt 0.364945 0.218258
vt 0.341822 0.230525
vt 0.307198 0.642007
vt 0.335952 0.215011
vt 0.347585 0.201673
vt 0.318441 0.654038
vt 0.180731 0.615302
vt 0.157836 0.590461
vt 0.178739 0.591249
vt 0.189092 0.638249
vt 0.157591 0.619566
vt 0.182758 0.567194
vt 0.202284 0.578131
vt 0.159457 0.561109
vt 0.200809 0.606452
vt 0.232361 0.611809
vt 0.210944 0.624808
vt 0.218423 0.593324
vt 0.193893 0.591972
vt 0.132770 0.615140
vt 0.108874 0.605289
vt 0.575435 0.839289
vt 0.581464 0.802834
vt 0.595173 0.821892
vt 0.556638 0.821146
vt 0.133996 0.564347
vt 0.135670 0.589879
vt 0.127502 0.539213
vt 0.605588 0.836863
vt 0.597694 0.853304
vt 0.099506 0.552196
vt 0.117766 0.589466
vt 0.109578 0.573279
vt 0.545679 0.799008
vt 0.518406 0.780331
vt 0.539972 0.776575
vt 0.521338 0.806649
vt 0.562142 0.755849
vt 0.566952 0.733295
vt 0.514840 0.754954
vt 0.538661 0.753527
vt 0.113217 0.518550
vt 0.090512 0.531573
vt 0.556786 0.772649
vt 0.084133 0.516262
vt 0.095319 0.502546
vt 0.567530 0.785127
vt 0.431514 0.740806
vt 0.409651 0.715050
vt 0.430505 0.716691
vt 0.438931 0.764075
vt 0.408219 0.744121
vt 0.435502 0.692820
vt 0.454566 0.704545
vt 0.412469 0.685789
vt 0.451936 0.732782
vt 0.483244 0.739422
vt 0.461314 0.751536
vt 0.470072 0.720384
vt 0.445618 0.718032
vt 0.383599 0.738686
vt 0.360124 0.727868
vt 0.328714 0.284387
vt 0.334125 0.247835
vt 0.348155 0.266658
vt 0.309612 0.266566
vt 0.386897 0.687986
vt 0.387528 0.713565
vt 0.381433 0.662607
vt 0.358823 0.281450
vt 0.351209 0.298022
vt 0.352931 0.674437
vt 0.369655 0.712421
vt 0.362134 0.695914
vt 0.298280 0.244617
vt 0.270692 0.226405
vt 0.292192 0.222284
vt 0.274072 0.252671
vt 0.314008 0.201185
vt 0.318434 0.178553
vt 0.266697 0.201092
vt 0.290491 0.199261
vt 0.368003 0.641379
vt 0.344785 0.653464
vt 0.308937 0.218073
vt 0.339036 0.637905
vt 0.350773 0.624658
vt 0.319891 0.230368
vt 0.183142 0.188361
vt 0.160846 0.162980
vt 0.181725 0.164266
vt 0.190954 0.211501
vt 0.159907 0.192071
vt 0.186315 0.140314
vt 0.205576 0.151715
vt 0.163166 0.133675
vt 0.203426 0.179992
vt 0.234842 0.186100
vt 0.213120 0.198584
vt 0.221349 0.167288
vt 0.196858 0.165351
vt 0.135199 0.187054
vt 0.111543 0.176637
vt 0.816215 0.548463
vt 0.822778 0.512100
vt 0.836207 0.531357
vt 0.797687 0.530046
vt 0.137635 0.136306
vt 0.138700 0.161870
vt 0.131741 0.111023
vt 0.846401 0.546479
vt 0.838267 0.562802
vt 0.103444 0.123336
vt 0.120811 0.161030
vt 0.113010 0.144653
vt 0.787053 0.507750
vt 0.760056 0.488676
vt 0.781675 0.485237
vt 0.762603 0.515034
vt 0.804147 0.464838
vt 0.809286 0.442357
vt 0.756863 0.463249
vt 0.780702 0.462171
vt 0.117953 0.090026
vt 0.094944 0.102503
vt 0.798545 0.481557
vt 0.088931 0.087044
vt 0.100441 0.073600
vt 0.809105 0.494191
vt 0.494907 0.379882
vt 0.463320 0.389603
vt 0.472563 0.371619
vt 0.488580 0.402429
vt 0.452913 0.358473
vt 0.470164 0.345376
vt 0.438520 0.376402
vt 0.495197 0.357905
vt 0.490086 0.336595
vt 0.479263 0.358340
vt 0.473447 0.421712
vt 0.454470 0.436761
vt 0.432521 0.447072
vt 0.408192 0.423592
vt 0.429352 0.423155
vt 0.408444 0.452081
vt 0.431362 0.399368
vt 0.453499 0.408239
vt 0.407573 0.395332
vt 0.445778 0.422728
vt 0.385274 0.447753
vt 0.354133 0.456713
vt 0.365205 0.438244
vt 0.376563 0.471129
vt 0.365005 0.409797
vt 0.332675 0.442177
vt 0.348025 0.424104
vt 0.384802 0.400067
vt 0.387802 0.423828
vt 0.372730 0.423949
vt 0.248441 0.675795
vt 0.217192 0.686553
vt 0.225837 0.668274
vt 0.242862 0.698539
vt 0.205764 0.655784
vt 0.222574 0.642125
vt 0.191970 0.674178
vt 0.248007 0.653820
vt 0.242196 0.632691
vt 0.232095 0.654781
vt 0.228373 0.718310
vt 0.209904 0.733978
vt 0.188307 0.745007
vt 0.163216 0.722343
vt 0.184350 0.721208
vt 0.164408 0.750808
vt 0.185575 0.697368
vt 0.207992 0.705503
vt 0.161665 0.694119
vt 0.200754 0.720239
vt 0.141108 0.747247
vt 0.110280 0.757230
vt 0.120737 0.738405
vt 0.133174 0.770898
vt 0.119598 0.709981
vt 0.088353 0.743410
vt 0.103098 0.724841
vt 0.139063 0.699603
vt 0.142845 0.723252
vt 0.127786 0.723870
vt 0.496700 0.804011
vt 0.465038 0.813485
vt 0.474421 0.795573
vt 0.490197 0.826508
vt 0.454875 0.782275
vt 0.472228 0.769313
vt 0.440342 0.800090
vt 0.497162 0.782036
vt 0.492218 0.760688
vt 0.481225 0.782347
vt 0.474913 0.845672
vt 0.455820 0.860572
vt 0.433791 0.870711
vt 0.409645 0.847042
vt 0.430809 0.846770
vt 0.409675 0.875532
vt 0.433004 0.823000
vt 0.455072 0.832044
vt 0.409247 0.818778
vt 0.447238 0.846471
vt 0.386539 0.871023
vt 0.355329 0.879740
vt 0.366545 0.861358
vt 0.377646 0.894331
vt 0.366567 0.832911
vt 0.333985 0.865037
vt 0.349475 0.847085
vt 0.386440 0.823335
vt 0.389254 0.847119
vt 0.374182 0.847122
vt 0.249392 0.250450
vt 0.217895 0.260460
vt 0.226973 0.242392
vt 0.243271 0.273054
vt 0.207204 0.229427
vt 0.224335 0.216173
vt 0.192975 0.247487
vt 0.249481 0.228471
vt 0.244175 0.207210
vt 0.233551 0.229053
vt 0.228315 0.292475
vt 0.209477 0.307698
vt 0.187623 0.318209
vt 0.163080 0.294953
vt 0.184236 0.294322
vt 0.163593 0.323438
vt 0.186028 0.270518
vt 0.208246 0.279186
vt 0.162202 0.266700
vt 0.200657 0.293745
vt 0.140384 0.319323
vt 0.109327 0.328568
vt 0.120229 0.309998
vt 0.131888 0.342778
vt 0.119768 0.281555
vt 0.087736 0.314229
vt 0.102919 0.296017
vt 0.139476 0.271644
vt 0.142693 0.295376
vt 0.127623 0.295635
vt 0.738006 0.512035
vt 0.706209 0.521044
vt 0.715853 0.503272
vt 0.731174 0.534434
vt 0.696504 0.489689
vt 0.714045 0.476983
vt 0.681712 0.507290
vt 0.738790 0.490070
vt 0.734159 0.468652
vt 0.722850 0.490147
vt 0.715611 0.553372
vt 0.696302 0.567991
vt 0.674127 0.577807
vt 0.650332 0.553787
vt 0.671496 0.553825
vt 0.649943 0.582274
vt 0.674040 0.530090
vt 0.695972 0.539455
vt 0.650347 0.525520
vt 0.687928 0.553767
vt 0.626876 0.577426
vt 0.595543 0.585685
vt 0.607027 0.567469
vt 0.617643 0.600601
vt 0.607465 0.539026
vt 0.574416 0.570671
vt 0.590168 0.552948
vt 0.627476 0.529743
vt 0.629942 0.553565
vt 0.614871 0.553347
vt 0.860305 0.940901
vt 0.886880 0.915446
vt 0.886672 0.938287
vt 0.835109 0.949655
vt 0.855718 0.916027
vt 0.432249 0.533580
vt 0.454389 0.542820
vt 0.407473 0.529470
vt 0.509800 0.599295
vt 0.539642 0.581958
vt 0.531318 0.607619
vt 0.515667 0.576184
vt 0.407721 0.560385
vt 0.446818 0.558834
vt 0.430237 0.559667
vt 0.491905 0.574110
vt 0.493945 0.591611
vt 0.849333 0.974437
vt 0.886183 0.955120
vt 0.870105 0.963141
vt 0.859828 0.890294
vt 0.868293 0.865977
vt 0.880815 0.843478
vt 0.917591 0.846940
vt 0.899329 0.862062
vt 0.897292 0.823289
vt 0.381683 0.534226
vt 0.384281 0.560387
vt 0.373827 0.509299
vt 0.884831 0.873390
vt 0.346391 0.523382
vt 0.366065 0.560111
vt 0.357325 0.544126
vt 0.886020 0.891751
vt 0.918913 0.810165
vt 0.936651 0.779661
vt 0.942038 0.802684
vt 0.908686 0.785531
vt 0.341183 0.474524
vt 0.298162 0.454242
vt 0.320924 0.463222
vt 0.358844 0.489605
vt 0.336719 0.503059
vt 0.312822 0.485431
vt 0.330252 0.487920
vt 0.946746 0.820024
vt 0.934505 0.831589
vt 0.908146 0.758863
vt 0.892150 0.725722
vt 0.913808 0.732978
vt 0.883073 0.755538
vt 0.190891 0.831477
vt 0.213323 0.839982
vt 0.165992 0.828187
vt 0.268717 0.472245
vt 0.290417 0.480083
vt 0.274065 0.449008
vt 0.167261 0.859077
vt 0.206285 0.856237
vt 0.189741 0.857616
vt 0.250262 0.447467
vt 0.252694 0.464918
vt 0.929666 0.738645
vt 0.932326 0.756414
vt 0.859869 0.743678
vt 0.839357 0.728113
vt 0.821829 0.709250
vt 0.836487 0.675344
vt 0.845226 0.697386
vt 0.807720 0.687341
vt 0.140373 0.833792
vt 0.143834 0.859853
vt 0.131699 0.809137
vt 0.851519 0.714675
vt 0.104743 0.824118
vt 0.125618 0.860178
vt 0.116355 0.844490
vt 0.869348 0.719218
vt 0.801919 0.662723
vt 0.778390 0.636427
vt 0.801951 0.638418
vt 0.775331 0.664837
vt 0.097925 0.775459
vt 0.054259 0.756607
vt 0.077304 0.764831
vt 0.116073 0.789949
vt 0.094405 0.804125
vt 0.069940 0.787296
vt 0.087442 0.789208
vt 0.819897 0.639298
vt 0.827113 0.654514
vt 0.749802 0.657110
vt 0.713340 0.662082
vt 0.726934 0.643726
vt 0.738892 0.679929
vt 0.432844 0.957215
vt 0.454910 0.966627
vt 0.408100 0.952911
vt 0.025424 0.775572
vt 0.047371 0.782690
vt 0.030001 0.752172
vt 0.408107 0.983827
vt 0.447215 0.982581
vt 0.430628 0.983284
vt 0.006161 0.751418
vt 0.009168 0.768779
vt 0.737224 0.630395
vt 0.754945 0.633356
vt 0.720442 0.698332
vt 0.699300 0.713030
vt 0.675945 0.723871
vt 0.648227 0.699454
vt 0.671891 0.697954
vt 0.650748 0.730520
vt 0.382274 0.957466
vt 0.384668 0.983646
vt 0.374613 0.932478
vt 0.690278 0.697311
vt 0.347067 0.946346
vt 0.366454 0.983228
vt 0.357839 0.967175
vt 0.700108 0.681758
vt 0.625542 0.728430
vt 0.593262 0.742682
vt 0.602437 0.720889
vt 0.619336 0.754371
vt 0.342240 0.897450
vt 0.299379 0.876832
vt 0.322071 0.885990
vt 0.359783 0.912668
vt 0.337553 0.925948
vt 0.313795 0.908135
vt 0.331205 0.910760
vt 0.608820 0.704093
vt 0.625520 0.701933
vt 0.599513 0.618675
vt 0.586305 0.652163
vt 0.577091 0.631628
vt 0.614050 0.638700
vt 0.814841 0.966994
vt 0.829101 0.986675
vt 0.795678 0.950487
vt 0.582195 0.603201
vt 0.562196 0.591447
vt 0.779458 0.977101
vt 0.814065 0.996511
vt 0.799284 0.988443
vt 0.553598 0.613469
vt 0.570966 0.616349
vt 0.621345 0.663797
vt 0.623355 0.690010
vt 0.720376 0.935562
vt 0.748502 0.913969
vt 0.746119 0.936098
vt 0.719479 0.909964
vt 0.771386 0.941055
vt 0.759432 0.964405
vt 0.777712 0.916235
vt 0.744178 0.954118
vt 0.727084 0.960922
vt 0.605149 0.689325
vt 0.596770 0.673147
vt 0.727386 0.887621
vt 0.739360 0.869431
vt 0.766917 0.872398
vt 0.754892 0.854637
vt 0.774743 0.892721
vt 0.750733 0.893255
vt 0.752332 0.878404
vt 0.604099 0.776263
vt 0.597560 0.812477
vt 0.584303 0.793876
vt 0.622429 0.793689
vt 0.188144 0.404716
vt 0.210367 0.413752
vt 0.163331 0.400833
vt 0.269794 0.894605
vt 0.291433 0.902612
vt 0.275323 0.871410
vt 0.163862 0.431744
vt 0.202943 0.429835
vt 0.186372 0.430820
vt 0.251533 0.869684
vt 0.253829 0.887153
vt 0.574805 0.779970
vt 0.583097 0.764031
vt 0.634231 0.816923
vt 0.641676 0.841573
vt 0.644769 0.867135
vt 0.612982 0.885951
vt 0.618868 0.862982
vt 0.643306 0.893153
vt 0.137586 0.405825
vt 0.140424 0.431961
vt 0.129502 0.380971
vt 0.623939 0.845295
vt 0.102196 0.395305
vt 0.122206 0.431852
vt 0.113320 0.415948
vt 0.612185 0.831141
vt 0.633529 0.916479
vt 0.619218 0.936123
vt 0.096540 0.346497
vt 0.076179 0.335382
vt 0.114338 0.361416
vt 0.092337 0.375072
vt 0.068281 0.357664
vt 0.085732 0.359993
vt 0.605217 0.924863
vt 0.608323 0.908312
vt 0.758949 0.816958
vt 0.681656 0.902362
vt 0.653840 0.769838
vt 0.062393 0.296542
vt 0.648626 0.620321
vt 0.771282 0.702432
vt 0.871680 0.793297
vt 0.816287 0.916860
vt 0.765030 0.551544
vt 0.308946 0.846922
vt 0.163479 0.361508
vt 0.277652 0.289085
vt 0.062597 0.726332
vt 0.408916 0.913594
vt 0.524300 0.843120
vt 0.307495 0.424258
vt 0.165203 0.788870
vt 0.277615 0.713745
vt 0.549646 0.552192
vt 0.407982 0.490148
vt 0.522812 0.418775
vt 0.160609 0.229651
vt 0.408283 0.781707
vt 0.159188 0.657118
vt 0.406318 0.358269
vt 0.649926 0.488439
vt 0.261007 0.171213
vt 0.167922 0.094972
vt 0.798749 0.296592
vt 0.509658 0.724982
vt 0.417881 0.647172
vt 0.915343 0.227729
vt 0.258164 0.596303
vt 0.163289 0.522303
vt 0.885879 0.095563
vt 0.507247 0.300754
vt 0.414866 0.223662
vt 0.751077 0.082742
vt 0.752120 0.433205
vt 0.661493 0.354058
vt 0.697226 0.206985
vt 0.809655 0.181922
s 1
usemtl football
f 405/1/1 136/2/2 137/3/3
f 45/4/4 136/2/2 404/5/5
f 406/6/6 398/7/7 407/8/8
f 138/9/9 399/10/10 406/6/6
f 408/11/11 44/12/12 409/13/13
f 397/14/14 43/15/15 408/11/11
f 406/6/6 137/3/3 138/9/9
f 406/6/6 403/16/16 405/1/1
f 408/11/11 398/7/7 397/14/14
f 408/11/11 403/16/16 407/8/8
f 409/13/13 45/4/4 404/5/5
f 404/5/5 403/16/16 409/13/13
f 412/17/17 48/18/18 47/19/19
f 54/20/20 48/18/18 411/21/21
f 413/22/22 389/23/23 414/24/24
f 46/25/25 390/26/26 413/22/22
f 415/27/27 53/28/28 416/29/29
f 388/30/30 52/31/31 415/27/27
f 413/22/22 47/32/19 46/25/25
f 413/22/22 410/33/32 412/34/17
f 415/27/27 389/35/23 388/30/30
f 415/27/27 410/36/32 414/37/24
f 416/38/29 54/20/20 411/21/21
f 411/21/21 410/39/32 416/38/29
f 419/40/33 45/4/4 44/12/12
f 60/41/34 45/4/4 418/42/35
f 420/43/36 380/44/37 421/45/38
f 43/15/15 381/46/39 420/43/36
f 422/47/40 59/48/41 423/49/42
f 379/50/43 58/51/44 422/47/40
f 420/43/36 44/12/12 43/15/15
f 420/43/36 417/52/45 419/40/33
f 422/47/40 380/44/37 379/50/43
f 422/47/40 417/52/45 421/45/38
f 423/49/42 60/41/34 418/42/35
f 418/42/35 417/52/45 423/49/42
f 426/53/46 60/41/34 59/48/41
f 66/54/47 60/41/34 425/55/48
f 427/56/49 371/57/50 428/58/51
f 58/51/44 372/59/52 427/56/49
f 429/60/53 65/61/54 430/62/55
f 370/63/56 64/64/57 429/60/53
f 427/56/49 59/48/41 58/51/44
f 427/56/49 424/65/58 426/53/46
f 429/60/53 371/57/50 370/63/56
f 429/60/53 424/65/58 428/58/51
f 430/62/55 66/54/47 425/55/48
f 425/55/48 424/65/58 430/62/55
f 433/66/59 66/54/47 65/61/54
f 145/67/60 66/54/47 432/68/61
f 434/69/62 362/70/63 435/71/64
f 64/64/57 363/72/65 434/69/62
f 436/73/66 146/74/67 437/75/68
f 361/76/69 147/77/70 436/73/66
f 434/69/62 65/61/54 64/64/57
f 434/69/62 431/78/71 433/66/59
f 436/73/66 362/70/63 361/76/69
f 436/73/66 431/78/71 435/71/64
f 437/75/68 145/67/60 432/68/61
f 432/68/61 431/78/71 437/75/68
f 440/79/72 54/20/20 53/80/28
f 75/81/73 54/20/20 439/82/74
f 441/83/75 353/84/76 442/85/77
f 52/31/31 354/86/78 441/83/75
f 443/87/79 74/88/80 444/89/81
f 352/90/82 73/91/83 443/87/79
f 441/83/75 53/28/28 52/31/31
f 441/83/75 438/92/84 440/93/72
f 443/87/79 353/84/76 352/90/82
f 443/87/79 438/92/84 442/85/77
f 444/94/81 75/81/73 439/82/74
f 439/82/74 438/95/84 444/94/81
f 447/96/85 51/97/86 50/98/87
f 81/99/88 51/97/86 446/100/89
f 448/101/90 344/102/91 449/103/92
f 49/104/93 345/105/94 448/101/90
f 450/106/95 80/107/96 451/108/97
f 343/109/98 79/110/99 450/106/95
f 448/101/90 50/111/87 49/104/93
f 448/101/90 445/112/100 447/113/85
f 450/106/95 344/102/91 343/109/98
f 450/106/95 445/112/100 449/103/92
f 451/114/97 81/99/88 446/100/89
f 446/100/89 445/115/100 451/114/97
f 454/116/101 63/117/102 62/118/103
f 87/119/104 63/117/102 453/120/105
f 455/121/106 335/122/107 456/123/108
f 61/124/109 336/125/110 455/121/106
f 457/126/111 86/127/112 458/128/113
f 334/129/114 85/130/115 457/126/111
f 455/121/106 62/131/103 61/124/109
f 455/121/106 452/132/116 454/133/101
f 457/126/111 335/122/107 334/129/114
f 457/126/111 452/132/116 456/123/108
f 458/134/113 87/119/104 453/120/105
f 453/120/105 452/135/116 458/134/113
f 461/136/117 69/137/118 68/138/119
f 93/139/120 69/137/118 460/140/121
f 462/141/122 326/142/123 463/143/124
f 67/144/125 327/145/126 462/141/122
f 464/146/127 92/147/128 465/148/129
f 325/149/130 91/150/131 464/146/127
f 462/141/122 68/151/119 67/144/125
f 462/141/122 459/152/132 461/153/117
f 464/146/127 326/142/123 325/149/130
f 464/146/127 459/152/132 463/143/124
f 465/154/129 93/139/120 460/140/121
f 460/140/121 459/155/132 465/154/129
f 468/156/133 72/157/134 71/158/135
f 99/159/136 72/157/134 467/160/137
f 469/161/138 317/162/139 470/163/140
f 70/164/141 318/165/142 469/161/138
f 471/166/143 98/167/144 472/168/145
f 316/169/146 97/170/147 471/166/143
f 469/161/138 71/171/135 70/164/141
f 469/161/138 466/172/148 468/173/133
f 471/166/143 317/162/139 316/169/146
f 471/166/143 466/172/148 470/163/140
f 472/174/145 99/159/136 467/160/137
f 467/160/137 466/175/148 472/174/145
f 475/176/149 75/81/73 74/177/80
f 172/178/150 75/81/73 474/179/151
f 476/180/152 308/181/153 477/182/154
f 73/91/83 309/183/155 476/180/152
f 478/184/156 173/185/157 479/186/158
f 307/187/159 174/188/160 478/184/156
f 476/180/152 74/88/80 73/91/83
f 476/180/152 473/189/161 475/190/149
f 478/184/156 308/191/153 307/187/159
f 478/184/156 473/192/161 477/193/154
f 479/186/158 172/178/150 474/179/151
f 474/179/151 473/192/161 479/186/158
f 482/194/162 81/99/88 80/195/96
f 178/196/163 81/99/88 481/197/164
f 483/198/165 299/199/166 484/200/167
f 79/110/99 300/201/168 483/198/165
f 485/202/169 179/203/170 486/204/171
f 298/205/172 180/206/173 485/202/169
f 483/198/165 80/107/96 79/110/99
f 483/198/165 480/207/174 482/208/162
f 485/202/169 299/209/166 298/205/172
f 485/202/169 480/210/174 484/211/167
f 486/204/171 178/196/163 481/197/164
f 481/197/164 480/210/174 486/204/171
f 489/212/175 87/119/104 86/213/112
f 184/214/176 87/119/104 488/215/177
f 490/216/178 290/217/179 491/218/180
f 85/130/115 291/219/181 490/216/178
f 492/220/182 185/221/183 493/222/184
f 289/223/185 186/224/186 492/220/182
f 490/216/178 86/127/112 85/130/115
f 490/216/178 487/225/187 489/226/175
f 492/220/182 290/227/179 289/223/185
f 492/220/182 487/228/187 491/229/180
f 493/222/184 184/214/176 488/215/177
f 488/215/177 487/228/187 493/222/184
f 496/230/188 93/139/120 92/231/128
f 190/232/189 93/139/120 495/233/190
f 497/234/191 281/235/192 498/236/193
f 91/150/131 282/237/194 497/234/191
f 499/238/195 191/239/196 500/240/197
f 280/241/198 192/242/199 499/238/195
f 497/234/191 92/147/128 91/150/131
f 497/234/191 494/243/200 496/244/188
f 499/238/195 281/245/192 280/241/198
f 499/238/195 494/246/200 498/247/193
f 500/240/197 190/232/189 495/233/190
f 495/233/190 494/246/200 500/240/197
f 503/248/201 99/159/136 98/249/144
f 166/250/202 99/159/136 502/251/203
f 504/252/204 272/253/205 505/254/206
f 97/170/147 273/255/207 504/252/204
f 506/256/208 167/257/209 507/258/210
f 271/259/211 168/260/212 506/256/208
f 504/252/204 98/167/144 97/170/147
f 504/252/204 501/261/213 503/262/201
f 506/256/208 272/263/205 271/259/211
f 506/256/208 501/264/213 505/265/206
f 507/258/210 166/250/202 502/251/203
f 502/251/203 501/264/213 507/258/210
f 510/266/214 105/267/215 104/268/216
f 120/269/217 105/267/215 509/270/218
f 511/271/219 263/272/220 512/273/221
f 103/274/222 264/275/223 511/271/219
f 513/276/224 119/277/225 514/278/226
f 262/279/227 118/280/228 513/276/224
f 511/271/219 104/268/216 103/274/222
f 511/271/219 508/281/229 510/266/214
f 513/276/224 263/282/220 262/279/227
f 513/276/224 508/283/229 512/284/221
f 514/285/226 120/269/217 509/270/218
f 509/270/218 508/281/229 514/285/226
f 517/286/230 108/287/231 107/288/232
f 126/289/233 108/287/231 516/290/234
f 518/291/235 254/292/236 519/293/237
f 106/294/238 255/295/239 518/291/235
f 520/296/240 125/297/241 521/298/242
f 253/299/243 124/300/244 520/296/240
f 518/291/235 107/288/232 106/294/238
f 518/291/235 515/301/245 517/286/230
f 520/296/240 254/302/236 253/299/243
f 520/296/240 515/303/245 519/304/237
f 521/305/242 126/289/233 516/290/234
f 516/290/234 515/301/245 521/305/242
f 524/306/246 111/307/247 110/308/248
f 129/309/249 111/307/247 523/310/250
f 525/311/251 245/312/252 526/313/253
f 109/314/254 246/315/255 525/311/251
f 527/316/256 128/317/257 528/318/258
f 244/319/259 127/320/260 527/316/256
f 525/311/251 110/308/248 109/314/254
f 525/311/251 522/321/261 524/306/246
f 527/316/256 245/322/252 244/319/259
f 527/316/256 522/323/261 526/324/253
f 528/325/258 129/309/249 523/310/250
f 523/310/250 522/321/261 528/325/258
f 531/326/262 114/327/263 113/328/264
f 132/329/265 114/327/263 530/330/266
f 532/331/267 236/332/268 533/333/269
f 112/334/270 237/335/271 532/331/267
f 534/336/272 131/337/273 535/338/274
f 235/339/275 130/340/276 534/336/272
f 532/331/267 113/328/264 112/334/270
f 532/331/267 529/341/277 531/326/262
f 534/336/272 236/342/268 235/339/275
f 534/336/272 529/343/277 533/344/269
f 535/345/274 132/329/265 530/330/266
f 530/330/266 529/341/277 535/345/274
f 538/346/278 117/347/279 116/348/280
f 211/349/281 117/347/279 537/350/282
f 539/351/283 227/352/284 540/353/285
f 115/354/286 228/355/287 539/351/283
f 541/356/288 212/357/289 542/358/290
f 226/359/291 213/360/292 541/356/288
f 539/351/283 116/348/280 115/354/286
f 539/351/283 536/361/293 538/346/278
f 541/356/288 227/362/284 226/359/291
f 541/356/288 536/363/293 540/364/285
f 542/365/290 211/349/281 537/350/282
f 537/350/282 536/361/293 542/365/290
f 544/366/294 224/367/295 545/368/296
f 121/369/297 223/370/298 544/366/294
f 546/371/299 221/372/300 547/373/301
f 225/374/302 222/375/303 546/371/299
f 549/376/304 123/377/305 122/378/306
f 220/379/307 123/377/305 548/380/308
f 546/371/299 224/367/295 225/374/302
f 546/371/299 543/381/309 545/368/296
f 547/373/301 220/379/307 548/380/308
f 548/380/308 543/381/309 547/373/301
f 544/366/294 122/378/306 121/369/297
f 544/366/294 543/381/309 549/376/304
f 551/382/310 227/362/284 552/383/311
f 223/370/298 226/359/291 551/382/310
f 553/384/312 230/385/313 554/386/314
f 228/355/287 231/387/315 553/384/312
f 555/388/316 224/367/295 556/389/317
f 229/390/318 225/374/302 555/388/316
f 553/384/312 227/352/284 228/355/287
f 553/384/312 550/391/319 552/392/311
f 555/388/316 230/393/313 229/390/318
f 555/388/316 550/394/319 554/395/314
f 551/382/310 224/367/295 223/370/298
f 551/382/310 550/394/319 556/389/317
f 558/396/320 206/397/321 559/398/322
f 231/387/315 207/399/323 558/396/320
f 561/400/324 132/329/265 131/401/273
f 205/402/325 132/329/265 560/403/326
f 562/404/327 230/393/313 563/405/328
f 130/340/276 229/390/318 562/404/327
f 559/406/322 205/402/325 560/403/326
f 560/403/326 557/407/329 559/406/322
f 562/404/327 131/337/273 130/340/276
f 562/404/327 557/408/329 561/409/324
f 558/396/320 230/385/313 231/387/315
f 558/396/320 557/410/329 563/411/328
f 565/412/330 233/413/331 566/414/332
f 222/375/303 232/415/333 565/412/330
f 567/416/334 218/417/335 568/418/336
f 234/419/337 219/420/338 567/416/334
f 570/421/339 220/379/307 221/372/300
f 217/422/340 220/379/307 569/423/341
f 567/416/334 233/413/331 234/419/337
f 567/416/334 564/424/342 566/414/332
f 568/418/336 217/422/340 569/423/341
f 569/423/341 564/424/342 568/418/336
f 565/412/330 221/372/300 222/375/303
f 565/412/330 564/424/342 570/421/339
f 572/425/343 236/342/268 573/426/344
f 232/415/333 235/339/275 572/425/343
f 574/427/345 239/428/346 575/429/347
f 237/335/271 240/430/348 574/427/345
f 576/431/349 233/413/331 577/432/350
f 238/433/351 234/419/337 576/431/349
f 574/427/345 236/332/268 237/335/271
f 574/427/345 571/434/352 573/435/344
f 576/431/349 239/436/346 238/433/351
f 576/431/349 571/437/352 575/438/347
f 572/425/343 233/413/331 232/415/333
f 572/425/343 571/437/352 577/432/350
f 579/439/353 203/440/354 580/441/355
f 240/430/348 204/442/356 579/439/353
f 582/443/357 129/309/249 128/444/257
f 202/445/358 129/309/249 581/446/359
f 583/447/360 239/436/346 584/448/361
f 127/320/260 238/433/351 583/447/360
f 580/449/355 202/445/358 581/446/359
f 581/446/359 578/450/362 580/449/355
f 583/447/360 128/317/257 127/320/260
f 583/447/360 578/451/362 582/452/357
f 579/439/353 239/428/346 240/430/348
f 579/439/353 578/453/362 584/454/361
f 586/455/363 242/456/364 587/457/365
f 219/420/338 241/458/366 586/455/363
f 588/459/367 215/460/368 589/461/369
f 243/462/370 216/463/371 588/459/367
f 591/464/372 217/422/340 218/417/335
f 214/465/373 217/422/340 590/466/374
f 588/459/367 242/456/364 243/462/370
f 588/459/367 585/467/375 587/457/365
f 589/461/369 214/465/373 590/466/374
f 590/466/374 585/467/375 589/461/369
f 586/455/363 218/417/335 219/420/338
f 586/455/363 585/467/375 591/464/372
f 593/468/376 245/322/252 594/469/377
f 241/458/366 244/319/259 593/468/376
f 595/470/378 248/471/379 596/472/380
f 246/315/255 249/473/381 595/470/378
f 597/474/382 242/456/364 598/475/383
f 247/476/384 243/462/370 597/474/382
f 595/470/378 245/312/252 246/315/255
f 595/470/378 592/477/385 594/478/377
f 597/474/382 248/479/379 247/476/384
f 597/474/382 592/480/385 596/481/380
f 593/468/376 242/456/364 241/458/366
f 593/468/376 592/480/385 598/475/383
f 600/482/386 200/483/387 601/484/388
f 249/473/381 201/485/389 600/482/386
f 603/486/390 126/289/233 125/487/241
f 199/488/391 126/289/233 602/489/392
f 604/490/393 248/479/379 605/491/394
f 124/300/244 247/476/384 604/490/393
f 601/492/388 199/488/391 602/489/392
f 602/489/392 599/493/395 601/492/388
f 604/490/393 125/297/241 124/300/244
f 604/490/393 599/494/395 603/495/390
f 600/482/386 248/471/379 249/473/381
f 600/482/386 599/496/395 605/497/394
f 607/498/396 251/499/397 608/500/398
f 216/463/371 250/501/399 607/498/396
f 609/502/400 209/503/401 610/504/402
f 252/505/403 210/506/404 609/502/400
f 612/507/405 214/465/373 215/460/368
f 208/508/406 214/465/373 611/509/407
f 609/502/400 251/499/397 252/505/403
f 609/502/400 606/510/408 608/500/398
f 610/504/402 208/508/406 611/509/407
f 611/509/407 606/510/408 610/504/402
f 607/498/396 215/460/368 216/463/371
f 607/498/396 606/510/408 612/507/405
f 614/511/409 254/302/236 615/512/410
f 250/501/399 253/299/243 614/511/409
f 616/513/411 257/514/412 617/515/413
f 255/295/239 258/516/414 616/513/411
f 618/517/415 251/499/397 619/518/416
f 256/519/417 252/505/403 618/517/415
f 616/513/411 254/292/236 255/295/239
f 616/513/411 613/520/418 615/521/410
f 618/517/415 257/522/412 256/519/417
f 618/517/415 613/523/418 617/524/413
f 614/511/409 251/499/397 250/501/399
f 614/511/409 613/523/418 619/518/416
f 621/525/419 197/526/420 622/527/421
f 258/516/414 198/528/422 621/525/419
f 624/529/423 120/269/217 119/530/225
f 196/531/424 120/269/217 623/532/425
f 625/533/426 257/522/412 626/534/427
f 118/280/228 256/519/417 625/533/426
f 622/535/421 196/531/424 623/532/425
f 623/532/425 620/536/428 622/535/421
f 625/533/426 119/277/225 118/280/228
f 625/533/426 620/537/428 624/538/423
f 621/525/419 257/514/412 258/516/414
f 621/525/419 620/539/428 626/540/427
f 628/541/429 260/542/430 629/543/431
f 210/506/404 259/544/432 628/541/429
f 630/545/433 122/378/306 631/546/434
f 261/547/435 121/369/297 630/545/433
f 633/548/436 208/508/406 209/503/401
f 123/377/305 208/508/406 632/549/437
f 630/545/433 260/542/430 261/547/435
f 630/545/433 627/550/438 629/543/431
f 631/546/434 123/377/305 632/549/437
f 632/549/437 627/550/438 631/546/434
f 628/541/429 209/503/401 210/506/404
f 628/541/429 627/550/438 633/548/436
f 635/551/439 263/282/220 636/552/440
f 259/544/432 262/279/227 635/551/439
f 637/553/441 266/554/442 638/555/443
f 264/275/223 267/556/444 637/553/441
f 639/557/445 260/542/430 640/558/446
f 265/559/447 261/547/435 639/557/445
f 637/553/441 263/272/220 264/275/223
f 637/553/441 634/560/448 636/561/440
f 639/557/445 266/562/442 265/559/447
f 639/557/445 634/563/448 638/564/443
f 635/551/439 260/542/430 259/544/432
f 635/551/439 634/563/448 640/558/446
f 642/565/449 194/566/450 643/567/451
f 267/556/444 195/568/452 642/565/449
f 645/569/453 211/349/281 212/570/289
f 193/571/454 211/349/281 644/572/455
f 646/573/456 266/562/442 647/574/457
f 213/360/292 265/559/447 646/573/456
f 643/575/451 193/571/454 644/572/455
f 644/572/455 641/576/458 643/575/451
f 646/573/456 212/357/289 213/360/292
f 646/573/456 641/577/458 645/578/453
f 642/565/449 266/554/442 267/556/444
f 642/565/449 641/579/458 647/580/457
f 649/581/459 269/582/460 650/583/461
f 76/584/462 268/585/463 649/581/459
f 651/586/464 116/348/280 652/587/465
f 270/588/466 115/354/286 651/586/464
f 654/589/467 78/590/468 77/591/469
f 117/347/279 78/590/468 653/592/470
f 651/586/464 269/582/460 270/588/466
f 651/586/464 648/593/471 650/583/461
f 652/587/465 117/347/279 653/592/470
f 653/592/470 648/593/471 652/587/465
f 649/581/459 77/591/469 76/584/462
f 649/581/459 648/593/471 654/589/467
f 656/594/472 272/263/205 657/595/473
f 268/585/463 271/259/211 656/594/472
f 658/596/474 275/597/475 659/598/476
f 273/255/207 276/599/477 658/596/474
f 660/600/478 269/582/460 661/601/479
f 274/602/480 270/588/466 660/600/478
f 658/596/474 272/253/205 273/255/207
f 658/596/474 655/603/481 657/604/473
f 660/600/478 275/605/475 274/602/480
f 660/600/478 655/606/481 659/607/476
f 656/594/472 269/582/460 268/585/463
f 656/594/472 655/606/481 661/601/479
f 663/608/482 188/609/483 664/610/484
f 276/599/477 189/611/485 663/608/482
f 666/612/486 205/402/325 206/613/321
f 187/614/487 205/402/325 665/615/488
f 667/616/489 275/605/475 668/617/490
f 207/399/323 274/602/480 667/616/489
f 664/610/484 187/614/487 665/615/488
f 665/615/488 662/618/491 664/610/484
f 667/616/489 206/397/321 207/399/323
f 667/616/489 662/619/491 666/620/486
f 663/608/482 275/597/475 276/599/477
f 663/608/482 662/618/491 668/621/490
f 670/622/492 278/623/493 671/624/494
f 100/625/495 277/626/496 670/622/492
f 672/627/497 113/328/264 673/628/498
f 279/629/499 112/334/270 672/627/497
f 675/630/500 102/631/501 101/632/502
f 114/327/263 102/631/501 674/633/503
f 672/627/497 278/623/493 279/629/499
f 672/627/497 669/634/504 671/624/494
f 673/628/498 114/327/263 674/633/503
f 674/633/503 669/634/504 673/628/498
f 670/622/492 101/632/502 100/625/495
f 670/622/492 669/634/504 675/630/500
f 677/635/505 281/245/192 678/636/506
f 277/626/496 280/241/198 677/635/505
f 679/637/507 284/638/508 680/639/509
f 282/237/194 285/640/510 679/637/507
f 681/641/511 278/623/493 682/642/512
f 283/643/513 279/629/499 681/641/511
f 679/637/507 281/235/192 282/237/194
f 679/637/507 676/644/514 678/645/506
f 681/641/511 284/646/508 283/643/513
f 681/641/511 676/647/514 680/648/509
f 677/635/505 278/623/493 277/626/496
f 677/635/505 676/647/514 682/642/512
f 684/649/515 182/650/516 685/651/517
f 285/640/510 183/652/518 684/649/515
f 687/653/519 202/445/358 203/654/354
f 181/655/520 202/445/358 686/656/521
f 688/657/522 284/646/508 689/658/523
f 204/442/356 283/643/513 688/657/522
f 685/651/517 181/655/520 686/656/521
f 686/656/521 683/659/524 685/651/517
f 688/657/522 203/440/354 204/442/356
f 688/657/522 683/660/524 687/661/519
f 684/649/515 284/638/508 285/640/510
f 684/649/515 683/659/524 689/662/523
f 691/663/525 287/664/526 692/665/527
f 94/666/528 286/667/529 691/663/525
f 693/668/530 110/308/248 694/669/531
f 288/670/532 109/314/254 693/668/530
f 696/671/533 96/672/534 95/673/535
f 111/307/247 96/672/534 695/674/536
f 693/668/530 287/664/526 288/670/532
f 693/668/530 690/675/537 692/665/527
f 694/669/531 111/307/247 695/674/536
f 695/674/536 690/675/537 694/669/531
f 691/663/525 95/673/535 94/666/528
f 691/663/525 690/675/537 696/671/533
f 698/676/538 290/227/179 699/677/539
f 286/667/529 289/223/185 698/676/538
f 700/678/540 293/679/541 701/680/542
f 291/219/181 294/681/543 700/678/540
f 702/682/544 287/664/526 703/683/545
f 292/684/546 288/670/532 702/682/544
f 700/678/540 290/217/179 291/219/181
f 700/678/540 697/685/547 699/686/539
f 702/682/544 293/687/541 292/684/546
f 702/682/544 697/688/547 701/689/542
f 698/676/538 287/664/526 286/667/529
f 698/676/538 697/688/547 703/683/545
f 705/690/548 176/691/549 706/692/550
f 294/681/543 177/693/551 705/690/548
f 708/694/552 199/488/391 200/695/387
f 175/696/553 199/488/391 707/697/554
f 709/698/555 293/687/541 710/699/556
f 201/485/389 292/684/546 709/698/555
f 706/692/550 175/696/553 707/697/554
f 707/697/554 704/700/557 706/692/550
f 709/698/555 200/483/387 201/485/389
f 709/698/555 704/701/557 708/702/552
f 705/690/548 293/679/541 294/681/543
f 705/690/548 704/700/557 710/703/556
f 712/704/558 296/705/559 713/706/560
f 88/707/561 295/708/562 712/704/558
f 714/709/563 107/288/232 715/710/564
f 297/711/565 106/294/238 714/709/563
f 717/712/566 90/713/567 89/714/568
f 108/287/231 90/713/567 716/715/569
f 714/709/563 296/705/559 297/711/565
f 714/709/563 711/716/570 713/706/560
f 715/710/564 108/287/231 716/715/569
f 716/715/569 711/716/570 715/710/564
f 712/704/558 89/714/568 88/707/561
f 712/704/558 711/716/570 717/712/566
f 719/717/571 299/209/166 720/718/572
f 295/708/562 298/205/172 719/717/571
f 721/719/573 302/720/574 722/721/575
f 300/201/168 303/722/576 721/719/573
f 723/723/577 296/705/559 724/724/578
f 301/725/579 297/711/565 723/723/577
f 721/719/573 299/199/166 300/201/168
f 721/719/573 718/726/580 720/727/572
f 723/723/577 302/728/574 301/725/579
f 723/723/577 718/729/580 722/730/575
f 719/717/571 296/705/559 295/708/562
f 719/717/571 718/729/580 724/724/578
f 726/731/581 170/732/582 727/733/583
f 303/722/576 171/734/584 726/731/581
f 729/735/585 196/531/424 197/736/420
f 169/737/586 196/531/424 728/738/587
f 730/739/588 302/728/574 731/740/589
f 198/528/422 301/725/579 730/739/588
f 727/733/583 169/737/586 728/738/587
f 728/738/587 725/741/590 727/733/583
f 730/739/588 197/526/420 198/528/422
f 730/739/588 725/742/590 729/743/585
f 726/731/581 302/720/574 303/722/576
f 726/731/581 725/741/590 731/744/589
f 733/745/591 305/746/592 734/747/593
f 82/748/594 304/749/595 733/745/591
f 735/750/596 104/268/216 736/751/597
f 306/752/598 103/274/222 735/750/596
f 738/753/599 84/754/600 83/755/601
f 105/267/215 84/754/600 737/756/602
f 735/750/596 305/746/592 306/752/598
f 735/750/596 732/757/603 734/747/593
f 736/751/597 105/267/215 737/756/602
f 737/756/602 732/757/603 736/751/597
f 733/745/591 83/755/601 82/748/594
f 733/745/591 732/757/603 738/753/599
f 740/758/604 308/191/153 741/759/605
f 304/749/595 307/187/159 740/758/604
f 742/760/606 311/761/607 743/762/608
f 309/183/155 312/763/609 742/760/606
f 744/764/610 305/746/592 745/765/611
f 310/766/612 306/752/598 744/764/610
f 742/760/606 308/181/153 309/183/155
f 742/760/606 739/767/613 741/768/605
f 744/764/610 311/769/607 310/766/612
f 744/764/610 739/770/613 743/771/608
f 740/758/604 305/746/592 304/749/595
f 740/758/604 739/770/613 745/765/611
f 747/772/614 164/773/615 748/774/616
f 312/763/609 165/775/617 747/772/614
f 750/776/618 193/571/454 194/777/450
f 163/778/619 193/571/454 749/779/620
f 751/780/621 311/769/607 752/781/622
f 195/568/452 310/766/612 751/780/621
f 748/774/616 163/778/619 749/779/620
f 749/779/620 746/782/623 748/774/616
f 751/780/621 194/566/450 195/568/452
f 751/780/621 746/783/623 750/784/618
f 747/772/614 311/761/607 312/763/609
f 747/772/614 746/782/623 752/785/622
f 754/786/624 314/787/625 755/788/626
f 189/611/485 313/789/627 754/786/624
f 756/790/628 101/632/502 757/791/629
f 315/792/630 100/625/495 756/790/628
f 759/793/631 187/614/487 188/609/483
f 102/631/501 187/614/487 758/794/632
f 756/790/628 314/787/625 315/792/630
f 756/790/628 753/795/633 755/788/626
f 757/791/629 102/631/501 758/794/632
f 758/794/632 753/795/633 757/791/629
f 754/786/624 188/609/483 189/611/485
f 754/786/624 753/795/633 759/793/631
f 761/796/634 317/162/139 762/797/635
f 313/789/627 316/169/146 761/796/634
f 763/798/636 320/799/637 764/800/638
f 318/165/142 321/801/639 763/798/636
f 765/802/640 314/787/625 766/803/641
f 319/804/642 315/792/630 765/802/640
f 763/798/636 317/162/139 318/165/142
f 763/798/636 760/805/643 762/797/635
f 765/802/640 320/799/637 319/804/642
f 765/802/640 760/805/643 764/800/638
f 761/796/634 314/787/625 313/789/627
f 761/796/634 760/805/643 766/803/641
f 768/806/644 161/807/645 769/808/646
f 321/801/639 162/809/647 768/806/644
f 771/810/648 190/232/189 191/239/196
f 160/811/649 190/232/189 770/812/650
f 772/813/651 320/799/637 773/814/652
f 192/242/199 319/804/642 772/813/651
f 769/808/646 160/811/649 770/812/650
f 770/812/650 767/815/653 769/808/646
f 772/813/651 191/239/196 192/242/199
f 772/813/651 767/815/653 771/810/648
f 768/806/644 320/799/637 321/801/639
f 768/806/644 767/815/653 773/814/652
f 775/816/654 323/817/655 776/818/656
f 183/652/518 322/819/657 775/816/654
f 777/820/658 95/673/535 778/821/659
f 324/822/660 94/666/528 777/820/658
f 780/823/661 181/655/520 182/650/516
f 96/672/534 181/655/520 779/824/662
f 777/820/658 323/817/655 324/822/660
f 777/820/658 774/825/663 776/818/656
f 778/821/659 96/672/534 779/824/662
f 779/824/662 774/825/663 778/821/659
f 775/816/654 182/650/516 183/652/518
f 775/816/654 774/825/663 780/823/661
f 782/826/664 326/142/123 783/827/665
f 322/819/657 325/149/130 782/826/664
f 784/828/666 329/829/667 785/830/668
f 327/145/126 330/831/669 784/828/666
f 786/832/670 323/817/655 787/833/671
f 328/834/672 324/822/660 786/832/670
f 784/828/666 326/142/123 327/145/126
f 784/828/666 781/835/673 783/827/665
f 786/832/670 329/829/667 328/834/672
f 786/832/670 781/835/673 785/830/668
f 782/826/664 323/817/655 322/819/657
f 782/826/664 781/835/673 787/833/671
f 789/836/674 158/837/675 790/838/676
f 330/831/669 159/839/677 789/836/674
f 792/840/678 184/214/176 185/221/183
f 157/841/679 184/214/176 791/842/680
f 793/843/681 329/829/667 794/844/682
f 186/224/186 328/834/672 793/843/681
f 790/838/676 157/841/679 791/842/680
f 791/842/680 788/845/683 790/838/676
f 793/843/681 185/221/183 186/224/186
f 793/843/681 788/845/683 792/840/678
f 789/836/674 329/829/667 330/831/669
f 789/836/674 788/845/683 794/844/682
f 796/846/684 332/847/685 797/848/686
f 177/693/551 331/849/687 796/846/684
f 798/850/688 89/714/568 799/851/689
f 333/852/690 88/707/561 798/850/688
f 801/853/691 175/696/553 176/691/549
f 90/713/567 175/696/553 800/854/692
f 798/850/688 332/847/685 333/852/690
f 798/850/688 795/855/693 797/848/686
f 799/851/689 90/713/567 800/854/692
f 800/854/692 795/855/693 799/851/689
f 796/846/684 176/691/549 177/693/551
f 796/846/684 795/855/693 801/853/691
f 803/856/694 335/122/107 804/857/695
f 331/849/687 334/129/114 803/856/694
f 805/858/696 338/859/697 806/860/698
f 336/125/110 339/861/699 805/858/696
f 807/862/700 332/847/685 808/863/701
f 337/864/702 333/852/690 807/862/700
f 805/858/696 335/122/107 336/125/110
f 805/858/696 802/865/703 804/857/695
f 807/862/700 338/859/697 337/864/702
f 807/862/700 802/865/703 806/860/698
f 803/856/694 332/847/685 331/849/687
f 803/856/694 802/865/703 808/863/701
f 810/866/704 152/867/705 811/868/706
f 339/861/699 153/869/707 810/866/704
f 813/870/708 178/196/163 179/203/170
f 151/871/709 178/196/163 812/872/710
f 814/873/711 338/859/697 815/874/712
f 180/206/173 337/864/702 814/873/711
f 811/868/706 151/871/709 812/872/710
f 812/872/710 809/875/713 811/868/706
f 814/873/711 179/203/170 180/206/173
f 814/873/711 809/875/713 813/870/708
f 810/866/704 338/859/697 339/861/699
f 810/866/704 809/875/713 815/874/712
f 817/876/714 341/877/715 818/878/716
f 171/734/584 340/879/717 817/876/714
f 819/880/718 83/755/601 820/881/719
f 342/882/720 82/748/594 819/880/718
f 822/883/721 169/737/586 170/732/582
f 84/754/600 169/737/586 821/884/722
f 819/880/718 341/877/715 342/882/720
f 819/880/718 816/885/723 818/878/716
f 820/881/719 84/754/600 821/884/722
f 821/884/722 816/885/723 820/881/719
f 817/876/714 170/732/582 171/734/584
f 817/876/714 816/885/723 822/883/721
f 824/886/724 344/102/91 825/887/725
f 340/879/717 343/109/98 824/886/724
f 826/888/726 347/889/727 827/890/728
f 345/105/94 348/891/729 826/888/726
f 828/892/730 341/877/715 829/893/731
f 346/894/732 342/882/720 828/892/730
f 826/888/726 344/102/91 345/105/94
f 826/888/726 823/895/733 825/887/725
f 828/892/730 347/889/727 346/894/732
f 828/892/730 823/895/733 827/890/728
f 824/886/724 341/877/715 340/879/717
f 824/886/724 823/895/733 829/893/731
f 831/896/734 140/897/735 832/898/736
f 348/891/729 141/899/737 831/896/734
f 834/900/738 172/178/150 173/185/157
f 139/901/739 172/178/150 833/902/740
f 835/903/741 347/889/727 836/904/742
f 174/188/160 346/894/732 835/903/741
f 832/898/736 139/901/739 833/902/740
f 833/902/740 830/905/743 832/898/736
f 835/903/741 173/185/157 174/188/160
f 835/903/741 830/905/743 834/900/738
f 831/896/734 347/889/727 348/891/729
f 831/896/734 830/905/743 836/904/742
f 838/906/744 350/907/745 839/908/746
f 165/775/617 349/909/747 838/906/744
f 840/910/748 77/591/469 841/911/749
f 351/912/750 76/584/462 840/910/748
f 843/913/751 163/778/619 164/773/615
f 78/590/468 163/778/619 842/914/752
f 840/910/748 350/907/745 351/912/750
f 840/910/748 837/915/753 839/908/746
f 841/911/749 78/590/468 842/914/752
f 842/914/752 837/915/753 841/911/749
f 838/906/744 164/773/615 165/775/617
f 838/906/744 837/915/753 843/913/751
f 845/916/754 353/84/76 846/917/755
f 349/909/747 352/90/82 845/916/754
f 847/918/756 356/919/757 848/920/758
f 354/86/78 357/921/759 847/918/756
f 849/922/760 350/907/745 850/923/761
f 355/924/762 351/912/750 849/922/760
f 847/918/756 353/84/76 354/86/78
f 847/918/756 844/925/763 846/917/755
f 849/922/760 356/919/757 355/924/762
f 849/922/760 844/925/763 848/920/758
f 845/916/754 350/907/745 349/909/747
f 845/916/754 844/925/763 850/923/761
f 852/926/764 143/927/765 853/928/766
f 357/921/759 144/929/767 852/926/764
f 855/930/768 166/250/202 167/257/209
f 142/931/769 166/250/202 854/932/770
f 856/933/771 356/919/757 857/934/772
f 168/260/212 355/924/762 856/933/771
f 853/928/766 142/931/769 854/932/770
f 854/932/770 851/935/773 853/928/766
f 856/933/771 167/257/209 168/260/212
f 856/933/771 851/935/773 855/930/768
f 852/926/764 356/919/757 357/921/759
f 852/926/764 851/935/773 857/934/772
f 859/936/774 359/937/775 860/938/776
f 55/939/777 358/940/778 859/936/774
f 861/941/779 71/171/135 862/942/780
f 360/943/781 70/164/141 861/941/779
f 864/944/782 57/945/783 56/946/784
f 72/157/134 57/945/783 863/947/785
f 861/941/779 359/948/775 360/943/781
f 861/941/779 858/949/786 860/950/776
f 862/951/780 72/157/134 863/947/785
f 863/947/785 858/952/786 862/951/780
f 859/936/774 56/953/784 55/939/777
f 859/936/774 858/954/786 864/955/782
f 866/956/787 362/70/63 867/957/788
f 358/940/778 361/76/69 866/956/787
f 868/958/789 365/959/790 869/960/791
f 363/72/65 366/961/792 868/958/789
f 870/962/793 359/948/775 871/963/794
f 364/964/795 360/943/781 870/962/793
f 868/958/789 362/70/63 363/72/65
f 868/958/789 865/965/796 867/957/788
f 870/962/793 365/966/790 364/964/795
f 870/962/793 865/967/796 869/968/791
f 866/956/787 359/937/775 358/940/778
f 866/956/787 865/965/796 871/969/794
f 873/970/797 155/971/798 874/972/799
f 366/961/792 156/973/800 873/970/797
f 876/974/801 160/811/649 161/807/645
f 154/975/802 160/811/649 875/976/803
f 877/977/804 365/966/790 878/978/805
f 162/809/647 364/964/795 877/977/804
f 874/979/799 154/975/802 875/976/803
f 875/976/803 872/980/806 874/979/799
f 877/977/804 161/807/645 162/809/647
f 877/977/804 872/980/806 876/974/801
f 873/970/797 365/959/790 366/961/792
f 873/970/797 872/981/806 878/982/805
f 880/983/807 368/984/808 881/985/809
f 156/973/800 367/986/810 880/983/807
f 882/987/811 68/151/119 883/988/812
f 369/989/813 67/144/125 882/987/811
f 885/990/814 154/975/802 155/991/798
f 69/137/118 154/975/802 884/992/815
f 882/987/811 368/993/808 369/989/813
f 882/987/811 879/994/816 881/995/809
f 883/996/812 69/137/118 884/992/815
f 884/992/815 879/997/816 883/996/812
f 880/983/807 155/971/798 156/973/800
f 880/983/807 879/998/816 885/999/814
f 887/1000/817 371/57/50 888/1001/818
f 367/986/810 370/63/56 887/1000/817
f 889/1002/819 374/1003/820 890/1004/821
f 372/59/52 375/1005/822 889/1002/819
f 891/1006/823 368/993/808 892/1007/824
f 373/1008/825 369/989/813 891/1006/823
f 889/1002/819 371/57/50 372/59/52
f 889/1002/819 886/1009/826 888/1001/818
f 891/1006/823 374/1010/820 373/1008/825
f 891/1006/823 886/1011/826 890/1012/821
f 887/1000/817 368/984/808 367/986/810
f 887/1000/817 886/1009/826 892/1013/824
f 894/1014/827 149/1015/828 895/1016/829
f 375/1005/822 150/1017/830 894/1014/827
f 897/1018/831 157/841/679 158/837/675
f 148/1019/832 157/841/679 896/1020/833
f 898/1021/834 374/1010/820 899/1022/835
f 159/839/677 373/1008/825 898/1021/834
f 895/1023/829 148/1019/832 896/1020/833
f 896/1020/833 893/1024/836 895/1023/829
f 898/1021/834 158/837/675 159/839/677
f 898/1021/834 893/1024/836 897/1018/831
f 894/1014/827 374/1003/820 375/1005/822
f 894/1014/827 893/1025/836 899/1026/835
f 901/1027/837 377/1028/838 902/1029/839
f 150/1017/830 376/1030/840 901/1027/837
f 903/1031/841 62/131/103 904/1032/842
f 378/1033/843 61/124/109 903/1031/841
f 906/1034/844 148/1019/832 149/1035/828
f 63/117/102 148/1019/832 905/1036/845
f 903/1031/841 377/1037/838 378/1033/843
f 903/1031/841 900/1038/846 902/1039/839
f 904/1040/842 63/117/102 905/1036/845
f 905/1036/845 900/1041/846 904/1040/842
f 901/1027/837 149/1015/828 150/1017/830
f 901/1027/837 900/1042/846 906/1043/844
f 908/1044/847 380/44/37 909/1045/848
f 376/1030/840 379/50/43 908/1044/847
f 910/1046/849 383/1047/850 911/1048/851
f 381/46/39 384/1049/852 910/1046/849
f 912/1050/853 377/1037/838 913/1051/854
f 382/1052/855 378/1033/843 912/1050/853
f 910/1046/849 380/44/37 381/46/39
f 910/1046/849 907/1053/856 909/1045/848
f 912/1050/853 383/1054/850 382/1052/855
f 912/1050/853 907/1055/856 911/1056/851
f 908/1044/847 377/1028/838 376/1030/840
f 908/1044/847 907/1053/856 913/1057/854
f 915/1058/857 134/1059/858 916/1060/859
f 384/1049/852 135/1061/860 915/1058/857
f 918/1062/861 151/871/709 152/867/705
f 133/1063/862 151/871/709 917/1064/863
f 919/1065/864 383/1054/850 920/1066/865
f 153/869/707 382/1052/855 919/1065/864
f 916/1067/859 133/1063/862 917/1064/863
f 917/1064/863 914/1068/866 916/1067/859
f 919/1065/864 152/867/705 153/869/707
f 919/1065/864 914/1068/866 918/1062/861
f 915/1058/857 383/1047/850 384/1049/852
f 915/1058/857 914/1069/866 920/1070/865
f 922/1071/867 386/1072/868 923/1073/869
f 144/929/767 385/1074/870 922/1071/867
f 924/1075/871 56/953/784 925/1076/872
f 387/1077/873 55/939/777 924/1075/871
f 927/1078/874 142/931/769 143/927/765
f 57/945/783 142/931/769 926/1079/875
f 924/1075/871 386/1080/868 387/1077/873
f 924/1075/871 921/1081/876 923/1082/869
f 925/1083/872 57/945/783 926/1079/875
f 926/1079/875 921/1084/876 925/1083/872
f 922/1071/867 143/927/765 144/929/767
f 922/1071/867 921/1084/876 927/1078/874
f 929/1085/877 389/35/23 930/1086/878
f 385/1074/870 388/30/30 929/1085/877
f 931/1087/879 392/1088/880 932/1089/881
f 390/26/26 393/1090/882 931/1087/879
f 933/1091/883 386/1080/868 934/1092/884
f 391/1093/885 387/1077/873 933/1091/883
f 931/1087/879 389/23/23 390/26/26
f 931/1087/879 928/1094/886 930/1095/878
f 933/1091/883 392/1088/880 391/1093/885
f 933/1091/883 928/1094/886 932/1089/881
f 929/1085/877 386/1072/868 385/1074/870
f 929/1085/877 928/1096/886 934/1097/884
f 936/1098/887 137/3/3 937/1099/888
f 393/1090/882 138/9/9 936/1098/887
f 939/1100/889 145/67/60 146/74/67
f 136/2/2 145/67/60 938/1101/890
f 940/1102/891 392/1088/880 941/1103/892
f 147/77/70 391/1093/885 940/1102/891
f 937/1099/888 136/2/2 938/1101/890
f 938/1101/890 935/1104/893 937/1099/888
f 940/1102/891 146/74/67 147/77/70
f 940/1102/891 935/1104/893 939/1100/889
f 936/1098/887 392/1088/880 393/1090/882
f 936/1098/887 935/1104/893 941/1103/892
f 943/1105/894 395/1106/895 944/1107/896
f 135/1061/860 394/1108/897 943/1105/894
f 945/1109/898 50/111/87 946/1110/899
f 396/1111/900 49/104/93 945/1109/898
f 948/1112/901 133/1063/862 134/1113/858
f 51/97/86 133/1063/862 947/1114/902
f 945/1109/898 395/1115/895 396/1111/900
f 945/1109/898 942/1116/903 944/1117/896
f 946/1118/899 51/97/86 947/1114/902
f 947/1114/902 942/1119/903 946/1118/899
f 943/1105/894 134/1059/858 135/1061/860
f 943/1105/894 942/1120/903 948/1121/901
f 950/1122/904 398/7/7 951/1123/905
f 394/1108/897 397/14/14 950/1122/904
f 952/1124/906 401/1125/907 953/1126/908
f 399/10/10 402/1127/909 952/1124/906
f 954/1128/910 395/1115/895 955/1129/911
f 400/1130/912 396/1111/900 954/1128/910
f 952/1124/906 398/7/7 399/10/10
f 952/1124/906 949/1131/913 951/1123/905
f 954/1128/910 401/1132/907 400/1130/912
f 954/1128/910 949/1133/913 953/1134/908
f 950/1122/904 395/1106/895 394/1108/897
f 950/1122/904 949/1131/913 955/1135/911
f 957/1136/914 47/32/19 958/1137/915
f 402/1127/909 46/25/25 957/1136/914
f 960/1138/916 139/901/739 140/897/735
f 48/18/18 139/901/739 959/1139/917
f 961/1140/918 401/1132/907 962/1141/919
f 141/899/737 400/1130/912 961/1140/918
f 958/1142/915 48/18/18 959/1139/917
f 959/1139/917 956/1143/920 958/1142/915
f 961/1140/918 140/897/735 141/899/737
f 961/1140/918 956/1143/920 960/1138/916
f 957/1136/914 401/1125/907 402/1127/909
f 957/1136/914 956/1144/920 962/1145/919
f 405/1/1 404/5/5 136/2/2
f 45/4/4 1/1146/921 136/2/2
f 406/6/6 399/10/10 398/7/7
f 138/9/9 14/1147/922 399/10/10
f 408/11/11 43/15/15 44/12/12
f 397/14/14 13/1148/923 43/15/15
f 406/6/6 405/1/1 137/3/3
f 406/6/6 407/8/8 403/16/16
f 408/11/11 407/8/8 398/7/7
f 408/11/11 409/13/13 403/16/16
f 409/13/13 44/12/12 45/4/4
f 404/5/5 405/1/1 403/16/16
f 412/17/17 411/21/21 48/18/18
f 54/20/20 2/1149/924 48/18/18
f 413/22/22 390/26/26 389/23/23
f 46/25/25 14/1147/922 390/26/26
f 415/27/27 52/31/31 53/28/28
f 388/30/30 16/1150/925 52/31/31
f 413/22/22 412/34/17 47/32/19
f 413/22/22 414/24/24 410/33/32
f 415/27/27 414/37/24 389/35/23
f 415/27/27 416/29/29 410/36/32
f 416/38/29 53/80/28 54/20/20
f 411/21/21 412/17/17 410/39/32
f 419/40/33 418/42/35 45/4/4
f 60/41/34 1/1146/921 45/4/4
f 420/43/36 381/46/39 380/44/37
f 43/15/15 13/1148/923 381/46/39
f 422/47/40 58/51/44 59/48/41
f 379/50/43 18/1151/926 58/51/44
f 420/43/36 419/40/33 44/12/12
f 420/43/36 421/45/38 417/52/45
f 422/47/40 421/45/38 380/44/37
f 422/47/40 423/49/42 417/52/45
f 423/49/42 59/48/41 60/41/34
f 418/42/35 419/40/33 417/52/45
f 426/53/46 425/55/48 60/41/34
f 66/54/47 1/1146/921 60/41/34
f 427/56/49 372/59/52 371/57/50
f 58/51/44 18/1151/926 372/59/52
f 429/60/53 64/64/57 65/61/54
f 370/63/56 20/1152/927 64/64/57
f 427/56/49 426/53/46 59/48/41
f 427/56/49 428/58/51 424/65/58
f 429/60/53 428/58/51 371/57/50
f 429/60/53 430/62/55 424/65/58
f 430/62/55 65/61/54 66/54/47
f 425/55/48 426/53/46 424/65/58
f 433/66/59 432/68/61 66/54/47
f 145/67/60 1/1146/921 66/54/47
f 434/69/62 363/72/65 362/70/63
f 64/64/57 20/1152/927 363/72/65
f 436/73/66 147/77/70 146/74/67
f 361/76/69 17/1153/928 147/77/70
f 434/69/62 433/66/59 65/61/54
f 434/69/62 435/71/64 431/78/71
f 436/73/66 435/71/64 362/70/63
f 436/73/66 437/75/68 431/78/71
f 437/75/68 146/74/67 145/67/60
f 432/68/61 433/66/59 431/78/71
f 440/79/72 439/82/74 54/20/20
f 75/81/73 2/1149/924 54/20/20
f 441/83/75 354/86/78 353/84/76
f 52/31/31 16/1150/925 354/86/78
f 443/87/79 73/91/83 74/88/80
f 352/90/82 23/1154/929 73/91/83
f 441/83/75 440/93/72 53/28/28
f 441/83/75 442/85/77 438/92/84
f 443/87/79 442/85/77 353/84/76
f 443/87/79 444/89/81 438/92/84
f 444/94/81 74/177/80 75/81/73
f 439/82/74 440/79/72 438/95/84
f 447/96/85 446/100/89 51/97/86
f 81/99/88 3/1155/930 51/97/86
f 448/101/90 345/105/94 344/102/91
f 49/104/93 15/1156/931 345/105/94
f 450/106/95 79/110/99 80/107/96
f 343/109/98 25/1157/932 79/110/99
f 448/101/90 447/113/85 50/111/87
f 448/101/90 449/103/92 445/112/100
f 450/106/95 449/103/92 344/102/91
f 450/106/95 451/108/97 445/112/100
f 451/114/97 80/195/96 81/99/88
f 446/100/89 447/96/85 445/115/100
f 454/116/101 453/120/105 63/117/102
f 87/119/104 4/1158/933 63/117/102
f 455/121/106 336/125/110 335/122/107
f 61/124/109 19/1159/934 336/125/110
f 457/126/111 85/130/115 86/127/112
f 334/129/114 27/1160/935 85/130/115
f 455/121/106 454/133/101 62/131/103
f 455/121/106 456/123/108 452/132/116
f 457/126/111 456/123/108 335/122/107
f 457/126/111 458/128/113 452/132/116
f 458/134/113 86/213/112 87/119/104
f 453/120/105 454/116/101 452/135/116
f 461/136/117 460/140/121 69/137/118
f 93/139/120 5/1161/936 69/137/118
f 462/141/122 327/145/126 326/142/123
f 67/144/125 21/1162/937 327/145/126
f 464/146/127 91/150/131 92/147/128
f 325/149/130 29/1163/938 91/150/131
f 462/141/122 461/153/117 68/151/119
f 462/141/122 463/143/124 459/152/132
f 464/146/127 463/143/124 326/142/123
f 464/146/127 465/148/129 459/152/132
f 465/154/129 92/231/128 93/139/120
f 460/140/121 461/136/117 459/155/132
f 468/156/133 467/160/137 72/157/134
f 99/159/136 6/1164/939 72/157/134
f 469/161/138 318/165/142 317/162/139
f 70/164/141 22/1165/940 318/165/142
f 471/166/143 97/170/147 98/167/144
f 316/169/146 31/1166/941 97/170/147
f 469/161/138 468/173/133 71/171/135
f 469/161/138 470/163/140 466/172/148
f 471/166/143 470/163/140 317/162/139
f 471/166/143 472/168/145 466/172/148
f 472/174/145 98/249/144 99/159/136
f 467/160/137 468/156/133 466/175/148
f 475/176/149 474/179/151 75/81/73
f 172/178/150 2/1149/924 75/81/73
f 476/180/152 309/183/155 308/181/153
f 73/91/83 23/1154/929 309/183/155
f 478/184/156 174/188/160 173/185/157
f 307/187/159 26/1167/942 174/188/160
f 476/180/152 475/190/149 74/88/80
f 476/180/152 477/182/154 473/189/161
f 478/184/156 477/193/154 308/191/153
f 478/184/156 479/186/158 473/192/161
f 479/186/158 173/185/157 172/178/150
f 474/179/151 475/176/149 473/192/161
f 482/194/162 481/197/164 81/99/88
f 178/196/163 3/1155/930 81/99/88
f 483/198/165 300/201/168 299/199/166
f 79/110/99 25/1157/932 300/201/168
f 485/202/169 180/206/173 179/203/170
f 298/205/172 28/1168/943 180/206/173
f 483/198/165 482/208/162 80/107/96
f 483/198/165 484/200/167 480/207/174
f 485/202/169 484/211/167 299/209/166
f 485/202/169 486/204/171 480/210/174
f 486/204/171 179/203/170 178/196/163
f 481/197/164 482/194/162 480/210/174
f 489/212/175 488/215/177 87/119/104
f 184/214/176 4/1158/933 87/119/104
f 490/216/178 291/219/181 290/217/179
f 85/130/115 27/1160/935 291/219/181
f 492/220/182 186/224/186 185/221/183
f 289/223/185 30/1169/944 186/224/186
f 490/216/178 489/226/175 86/127/112
f 490/216/178 491/218/180 487/225/187
f 492/220/182 491/229/180 290/227/179
f 492/220/182 493/222/184 487/228/187
f 493/222/184 185/221/183 184/214/176
f 488/215/177 489/212/175 487/228/187
f 496/230/188 495/233/190 93/139/120
f 190/232/189 5/1161/936 93/139/120
f 497/234/191 282/237/194 281/235/192
f 91/150/131 29/1163/938 282/237/194
f 499/238/195 192/242/199 191/239/196
f 280/241/198 32/1170/945 192/242/199
f 497/234/191 496/244/188 92/147/128
f 497/234/191 498/236/193 494/243/200
f 499/238/195 498/247/193 281/245/192
f 499/238/195 500/240/197 494/246/200
f 500/240/197 191/239/196 190/232/189
f 495/233/190 496/230/188 494/246/200
f 503/248/201 502/251/203 99/159/136
f 166/250/202 6/1164/939 99/159/136
f 504/252/204 273/255/207 272/253/205
f 97/170/147 31/1166/941 273/255/207
f 506/256/208 168/260/212 167/257/209
f 271/259/211 24/1171/946 168/260/212
f 504/252/204 503/262/201 98/167/144
f 504/252/204 505/254/206 501/261/213
f 506/256/208 505/265/206 272/263/205
f 506/256/208 507/258/210 501/264/213
f 507/258/210 167/257/209 166/250/202
f 502/251/203 503/248/201 501/264/213
f 510/266/214 509/270/218 105/267/215
f 120/269/217 7/1172/947 105/267/215
f 511/271/219 264/275/223 263/272/220
f 103/274/222 33/1173/948 264/275/223
f 513/276/224 118/280/228 119/277/225
f 262/279/227 38/1174/949 118/280/228
f 511/271/219 510/266/214 104/268/216
f 511/271/219 512/273/221 508/281/229
f 513/276/224 512/284/221 263/282/220
f 513/276/224 514/278/226 508/283/229
f 514/285/226 119/530/225 120/269/217
f 509/270/218 510/266/214 508/281/229
f 517/286/230 516/290/234 108/287/231
f 126/289/233 8/1175/950 108/287/231
f 518/291/235 255/295/239 254/292/236
f 106/294/238 34/1176/951 255/295/239
f 520/296/240 124/300/244 125/297/241
f 253/299/243 40/1177/952 124/300/244
f 518/291/235 517/286/230 107/288/232
f 518/291/235 519/293/237 515/301/245
f 520/296/240 519/304/237 254/302/236
f 520/296/240 521/298/242 515/303/245
f 521/305/242 125/487/241 126/289/233
f 516/290/234 517/286/230 515/301/245
f 524/306/246 523/310/250 111/307/247
f 129/309/249 9/1178/953 111/307/247
f 525/311/251 246/315/255 245/312/252
f 109/314/254 35/1179/954 246/315/255
f 527/316/256 127/320/260 128/317/257
f 244/319/259 41/1180/955 127/320/260
f 525/311/251 524/306/246 110/308/248
f 525/311/251 526/313/253 522/321/261
f 527/316/256 526/324/253 245/322/252
f 527/316/256 528/318/258 522/323/261
f 528/325/258 128/444/257 129/309/249
f 523/310/250 524/306/246 522/321/261
f 531/326/262 530/330/266 114/327/263
f 132/329/265 10/1181/956 114/327/263
f 532/331/267 237/335/271 236/332/268
f 112/334/270 36/1182/957 237/335/271
f 534/336/272 130/340/276 131/337/273
f 235/339/275 42/1183/958 130/340/276
f 532/331/267 531/326/262 113/328/264
f 532/331/267 533/333/269 529/341/277
f 534/336/272 533/344/269 236/342/268
f 534/336/272 535/338/274 529/343/277
f 535/345/274 131/401/273 132/329/265
f 530/330/266 531/326/262 529/341/277
f 538/346/278 537/350/282 117/347/279
f 211/349/281 11/1184/959 117/347/279
f 539/351/283 228/355/287 227/352/284
f 115/354/286 37/1185/960 228/355/287
f 541/356/288 213/360/292 212/357/289
f 226/359/291 39/1186/961 213/360/292
f 539/351/283 538/346/278 116/348/280
f 539/351/283 540/353/285 536/361/293
f 541/356/288 540/364/285 227/362/284
f 541/356/288 542/358/290 536/363/293
f 542/365/290 212/570/289 211/349/281
f 537/350/282 538/346/278 536/361/293
f 544/366/294 223/370/298 224/367/295
f 121/369/297 39/1186/961 223/370/298
f 546/371/299 222/375/303 221/372/300
f 225/374/302 42/1183/958 222/375/303
f 549/376/304 548/380/308 123/377/305
f 220/379/307 12/1187/962 123/377/305
f 546/371/299 545/368/296 224/367/295
f 546/371/299 547/373/301 543/381/309
f 547/373/301 221/372/300 220/379/307
f 548/380/308 549/376/304 543/381/309
f 544/366/294 549/376/304 122/378/306
f 544/366/294 545/368/296 543/381/309
f 551/382/310 226/359/291 227/362/284
f 223/370/298 39/1186/961 226/359/291
f 553/384/312 231/387/315 230/385/313
f 228/355/287 37/1185/960 231/387/315
f 555/388/316 225/374/302 224/367/295
f 229/390/318 42/1183/958 225/374/302
f 553/384/312 552/392/311 227/352/284
f 553/384/312 554/386/314 550/391/319
f 555/388/316 554/395/314 230/393/313
f 555/388/316 556/389/317 550/394/319
f 551/382/310 556/389/317 224/367/295
f 551/382/310 552/383/311 550/394/319
f 558/396/320 207/399/323 206/397/321
f 231/387/315 37/1185/960 207/399/323
f 561/400/324 560/403/326 132/329/265
f 205/402/325 10/1181/956 132/329/265
f 562/404/327 229/390/318 230/393/313
f 130/340/276 42/1183/958 229/390/318
f 559/406/322 206/613/321 205/402/325
f 560/403/326 561/400/324 557/407/329
f 562/404/327 561/409/324 131/337/273
f 562/404/327 563/405/328 557/408/329
f 558/396/320 563/411/328 230/385/313
f 558/396/320 559/398/322 557/410/329
f 565/412/330 232/415/333 233/413/331
f 222/375/303 42/1183/958 232/415/333
f 567/416/334 219/420/338 218/417/335
f 234/419/337 41/1180/955 219/420/338
f 570/421/339 569/423/341 220/379/307
f 217/422/340 12/1187/962 220/379/307
f 567/416/334 566/414/332 233/413/331
f 567/416/334 568/418/336 564/424/342
f 568/418/336 218/417/335 217/422/340
f 569/423/341 570/421/339 564/424/342
f 565/412/330 570/421/339 221/372/300
f 565/412/330 566/414/332 564/424/342
f 572/425/343 235/339/275 236/342/268
f 232/415/333 42/1183/958 235/339/275
f 574/427/345 240/430/348 239/428/346
f 237/335/271 36/1182/957 240/430/348
f 576/431/349 234/419/337 233/413/331
f 238/433/351 41/1180/955 234/419/337
f 574/427/345 573/435/344 236/332/268
f 574/427/345 575/429/347 571/434/352
f 576/431/349 575/438/347 239/436/346
f 576/431/349 577/432/350 571/437/352
f 572/425/343 577/432/350 233/413/331
f 572/425/343 573/426/344 571/437/352
f 579/439/353 204/442/356 203/440/354
f 240/430/348 36/1182/957 204/442/356
f 582/443/357 581/446/359 129/309/249
f 202/445/358 9/1178/953 129/309/249
f 583/447/360 238/433/351 239/436/346
f 127/320/260 41/1180/955 238/433/351
f 580/449/355 203/654/354 202/445/358
f 581/446/359 582/443/357 578/450/362
f 583/447/360 582/452/357 128/317/257
f 583/447/360 584/448/361 578/451/362
f 579/439/353 584/454/361 239/428/346
f 579/439/353 580/441/355 578/453/362
f 586/455/363 241/458/366 242/456/364
f 219/420/338 41/1180/955 241/458/366
f 588/459/367 216/463/371 215/460/368
f 243/462/370 40/1177/952 216/463/371
f 591/464/372 590/466/374 217/422/340
f 214/465/373 12/1187/962 217/422/340
f 588/459/367 587/457/365 242/456/364
f 588/459/367 589/461/369 585/467/375
f 589/461/369 215/460/368 214/465/373
f 590/466/374 591/464/372 585/467/375
f 586/455/363 591/464/372 218/417/335
f 586/455/363 587/457/365 585/467/375
f 593/468/376 244/319/259 245/322/252
f 241/458/366 41/1180/955 244/319/259
f 595/470/378 249/473/381 248/471/379
f 246/315/255 35/1179/954 249/473/381
f 597/474/382 243/462/370 242/456/364
f 247/476/384 40/1177/952 243/462/370
f 595/470/378 594/478/377 245/312/252
f 595/470/378 596/472/380 592/477/385
f 597/474/382 596/481/380 248/479/379
f 597/474/382 598/475/383 592/480/385
f 593/468/376 598/475/383 242/456/364
f 593/468/376 594/469/377 592/480/385
f 600/482/386 201/485/389 200/483/387
f 249/473/381 35/1179/954 201/485/389
f 603/486/390 602/489/392 126/289/233
f 199/488/391 8/1175/950 126/289/233
f 604/490/393 247/476/384 248/479/379
f 124/300/244 40/1177/952 247/476/384
f 601/492/388 200/695/387 199/488/391
f 602/489/392 603/486/390 599/493/395
f 604/490/393 603/495/390 125/297/241
f 604/490/393 605/491/394 599/494/395
f 600/482/386 605/497/394 248/471/379
f 600/482/386 601/484/388 599/496/395
f 607/498/396 250/501/399 251/499/397
f 216/463/371 40/1177/952 250/501/399
f 609/502/400 210/506/404 209/503/401
f 252/505/403 38/1174/949 210/506/404
f 612/507/405 611/509/407 214/465/373
f 208/508/406 12/1187/962 214/465/373
f 609/502/400 608/500/398 251/499/397
f 609/502/400 610/504/402 606/510/408
f 610/504/402 209/503/401 208/508/406
f 611/509/407 612/507/405 606/510/408
f 607/498/396 612/507/405 215/460/368
f 607/498/396 608/500/398 606/510/408
f 614/511/409 253/299/243 254/302/236
f 250/501/399 40/1177/952 253/299/243
f 616/513/411 258/516/414 257/514/412
f 255/295/239 34/1176/951 258/516/414
f 618/517/415 252/505/403 251/499/397
f 256/519/417 38/1174/949 252/505/403
f 616/513/411 615/521/410 254/292/236
f 616/513/411 617/515/413 613/520/418
f 618/517/415 617/524/413 257/522/412
f 618/517/415 619/518/416 613/523/418
f 614/511/409 619/518/416 251/499/397
f 614/511/409 615/512/410 613/523/418
f 621/525/419 198/528/422 197/526/420
f 258/516/414 34/1176/951 198/528/422
f 624/529/423 623/532/425 120/269/217
f 196/531/424 7/1172/947 120/269/217
f 625/533/426 256/519/417 257/522/412
f 118/280/228 38/1174/949 256/519/417
f 622/535/421 197/736/420 196/531/424
f 623/532/425 624/529/423 620/536/428
f 625/533/426 624/538/423 119/277/225
f 625/533/426 626/534/427 620/537/428
f 621/525/419 626/540/427 257/514/412
f 621/525/419 622/527/421 620/539/428
f 628/541/429 259/544/432 260/542/430
f 210/506/404 38/1174/949 259/544/432
f 630/545/433 121/369/297 122/378/306
f 261/547/435 39/1186/961 121/369/297
f 633/548/436 632/549/437 208/508/406
f 123/377/305 12/1187/962 208/508/406
f 630/545/433 629/543/431 260/542/430
f 630/545/433 631/546/434 627/550/438
f 631/546/434 122/378/306 123/377/305
f 632/549/437 633/548/436 627/550/438
f 628/541/429 633/548/436 209/503/401
f 628/541/429 629/543/431 627/550/438
f 635/551/439 262/279/227 263/282/220
f 259/544/432 38/1174/949 262/279/227
f 637/553/441 267/556/444 266/554/442
f 264/275/223 33/1173/948 267/556/444
f 639/557/445 261/547/435 260/542/430
f 265/559/447 39/1186/961 261/547/435
f 637/553/441 636/561/440 263/272/220
f 637/553/441 638/555/443 634/560/448
f 639/557/445 638/564/443 266/562/442
f 639/557/445 640/558/446 634/563/448
f 635/551/439 640/558/446 260/542/430
f 635/551/439 636/552/440 634/563/448
f 642/565/449 195/568/452 194/566/450
f 267/556/444 33/1173/948 195/568/452
f 645/569/453 644/572/455 211/349/281
f 193/571/454 11/1184/959 211/349/281
f 646/573/456 265/559/447 266/562/442
f 213/360/292 39/1186/961 265/559/447
f 643/575/451 194/777/450 193/571/454
f 644/572/455 645/569/453 641/576/458
f 646/573/456 645/578/453 212/357/289
f 646/573/456 647/574/457 641/577/458
f 642/565/449 647/580/457 266/554/442
f 642/565/449 643/567/451 641/579/458
f 649/581/459 268/585/463 269/582/460
f 76/584/462 24/1171/946 268/585/463
f 651/586/464 115/354/286 116/348/280
f 270/588/466 37/1185/960 115/354/286
f 654/589/467 653/592/470 78/590/468
f 117/347/279 11/1184/959 78/590/468
f 651/586/464 650/583/461 269/582/460
f 651/586/464 652/587/465 648/593/471
f 652/587/465 116/348/280 117/347/279
f 653/592/470 654/589/467 648/593/471
f 649/581/459 654/589/467 77/591/469
f 649/581/459 650/583/461 648/593/471
f 656/594/472 271/259/211 272/263/205
f 268/585/463 24/1171/946 271/259/211
f 658/596/474 276/599/477 275/597/475
f 273/255/207 31/1166/941 276/599/477
f 660/600/478 270/588/466 269/582/460
f 274/602/480 37/1185/960 270/588/466
f 658/596/474 657/604/473 272/253/205
f 658/596/474 659/598/476 655/603/481
f 660/600/478 659/607/476 275/605/475
f 660/600/478 661/601/479 655/606/481
f 656/594/472 661/601/479 269/582/460
f 656/594/472 657/595/473 655/606/481
f 663/608/482 189/611/485 188/609/483
f 276/599/477 31/1166/941 189/611/485
f 666/612/486 665/615/488 205/402/325
f 187/614/487 10/1181/956 205/402/325
f 667/616/489 274/602/480 275/605/475
f 207/399/323 37/1185/960 274/602/480
f 664/610/484 188/609/483 187/614/487
f 665/615/488 666/612/486 662/618/491
f 667/616/489 666/620/486 206/397/321
f 667/616/489 668/617/490 662/619/491
f 663/608/482 668/621/490 275/597/475
f 663/608/482 664/610/484 662/618/491
f 670/622/492 277/626/496 278/623/493
f 100/625/495 32/1170/945 277/626/496
f 672/627/497 112/334/270 113/328/264
f 279/629/499 36/1182/957 112/334/270
f 675/630/500 674/633/503 102/631/501
f 114/327/263 10/1181/956 102/631/501
f 672/627/497 671/624/494 278/623/493
f 672/627/497 673/628/498 669/634/504
f 673/628/498 113/328/264 114/327/263
f 674/633/503 675/630/500 669/634/504
f 670/622/492 675/630/500 101/632/502
f 670/622/492 671/624/494 669/634/504
f 677/635/505 280/241/198 281/245/192
f 277/626/496 32/1170/945 280/241/198
f 679/637/507 285/640/510 284/638/508
f 282/237/194 29/1163/938 285/640/510
f 681/641/511 279/629/499 278/623/493
f 283/643/513 36/1182/957 279/629/499
f 679/637/507 678/645/506 281/235/192
f 679/637/507 680/639/509 676/644/514
f 681/641/511 680/648/509 284/646/508
f 681/641/511 682/642/512 676/647/514
f 677/635/505 682/642/512 278/623/493
f 677/635/505 678/636/506 676/647/514
f 684/649/515 183/652/518 182/650/516
f 285/640/510 29/1163/938 183/652/518
f 687/653/519 686/656/521 202/445/358
f 181/655/520 9/1178/953 202/445/358
f 688/657/522 283/643/513 284/646/508
f 204/442/356 36/1182/957 283/643/513
f 685/651/517 182/650/516 181/655/520
f 686/656/521 687/653/519 683/659/524
f 688/657/522 687/661/519 203/440/354
f 688/657/522 689/658/523 683/660/524
f 684/649/515 689/662/523 284/638/508
f 684/649/515 685/651/517 683/659/524
f 691/663/525 286/667/529 287/664/526
f 94/666/528 30/1169/944 286/667/529
f 693/668/530 109/314/254 110/308/248
f 288/670/532 35/1179/954 109/314/254
f 696/671/533 695/674/536 96/672/534
f 111/307/247 9/1178/953 96/672/534
f 693/668/530 692/665/527 287/664/526
f 693/668/530 694/669/531 690/675/537
f 694/669/531 110/308/248 111/307/247
f 695/674/536 696/671/533 690/675/537
f 691/663/525 696/671/533 95/673/535
f 691/663/525 692/665/527 690/675/537
f 698/676/538 289/223/185 290/227/179
f 286/667/529 30/1169/944 289/223/185
f 700/678/540 294/681/543 293/679/541
f 291/219/181 27/1160/935 294/681/543
f 702/682/544 288/670/532 287/664/526
f 292/684/546 35/1179/954 288/670/532
f 700/678/540 699/686/539 290/217/179
f 700/678/540 701/680/542 697/685/547
f 702/682/544 701/689/542 293/687/541
f 702/682/544 703/683/545 697/688/547
f 698/676/538 703/683/545 287/664/526
f 698/676/538 699/677/539 697/688/547
f 705/690/548 177/693/551 176/691/549
f 294/681/543 27/1160/935 177/693/551
f 708/694/552 707/697/554 199/488/391
f 175/696/553 8/1175/950 199/488/391
f 709/698/555 292/684/546 293/687/541
f 201/485/389 35/1179/954 292/684/546
f 706/692/550 176/691/549 175/696/553
f 707/697/554 708/694/552 704/700/557
f 709/698/555 708/702/552 200/483/387
f 709/698/555 710/699/556 704/701/557
f 705/690/548 710/703/556 293/679/541
f 705/690/548 706/692/550 704/700/557
f 712/704/558 295/708/562 296/705/559
f 88/707/561 28/1168/943 295/708/562
f 714/709/563 106/294/238 107/288/232
f 297/711/565 34/1176/951 106/294/238
f 717/712/566 716/715/569 90/713/567
f 108/287/231 8/1175/950 90/713/567
f 714/709/563 713/706/560 296/705/559
f 714/709/563 715/710/564 711/716/570
f 715/710/564 107/288/232 108/287/231
f 716/715/569 717/712/566 711/716/570
f 712/704/558 717/712/566 89/714/568
f 712/704/558 713/706/560 711/716/570
f 719/717/571 298/205/172 299/209/166
f 295/708/562 28/1168/943 298/205/172
f 721/719/573 303/722/576 302/720/574
f 300/201/168 25/1157/932 303/722/576
f 723/723/577 297/711/565 296/705/559
f 301/725/579 34/1176/951 297/711/565
f 721/719/573 720/727/572 299/199/166
f 721/719/573 722/721/575 718/726/580
f 723/723/577 722/730/575 302/728/574
f 723/723/577 724/724/578 718/729/580
f 719/717/571 724/724/578 296/705/559
f 719/717/571 720/718/572 718/729/580
f 726/731/581 171/734/584 170/732/582
f 303/722/576 25/1157/932 171/734/584
f 729/735/585 728/738/587 196/531/424
f 169/737/586 7/1172/947 196/531/424
f 730/739/588 301/725/579 302/728/574
f 198/528/422 34/1176/951 301/725/579
f 727/733/583 170/732/582 169/737/586
f 728/738/587 729/735/585 725/741/590
f 730/739/588 729/743/585 197/526/420
f 730/739/588 731/740/589 725/742/590
f 726/731/581 731/744/589 302/720/574
f 726/731/581 727/733/583 725/741/590
f 733/745/591 304/749/595 305/746/592
f 82/748/594 26/1167/942 304/749/595
f 735/750/596 103/274/222 104/268/216
f 306/752/598 33/1173/948 103/274/222
f 738/753/599 737/756/602 84/754/600
f 105/267/215 7/1172/947 84/754/600
f 735/750/596 734/747/593 305/746/592
f 735/750/596 736/751/597 732/757/603
f 736/751/597 104/268/216 105/267/215
f 737/756/602 738/753/599 732/757/603
f 733/745/591 738/753/599 83/755/601
f 733/745/591 734/747/593 732/757/603
f 740/758/604 307/187/159 308/191/153
f 304/749/595 26/1167/942 307/187/159
f 742/760/606 312/763/609 311/761/607
f 309/183/155 23/1154/929 312/763/609
f 744/764/610 306/752/598 305/746/592
f 310/766/612 33/1173/948 306/752/598
f 742/760/606 741/768/605 308/181/153
f 742/760/606 743/762/608 739/767/613
f 744/764/610 743/771/608 311/769/607
f 744/764/610 745/765/611 739/770/613
f 740/758/604 745/765/611 305/746/592
f 740/758/604 741/759/605 739/770/613
f 747/772/614 165/775/617 164/773/615
f 312/763/609 23/1154/929 165/775/617
f 750/776/618 749/779/620 193/571/454
f 163/778/619 11/1184/959 193/571/454
f 751/780/621 310/766/612 311/769/607
f 195/568/452 33/1173/948 310/766/612
f 748/774/616 164/773/615 163/778/619
f 749/779/620 750/776/618 746/782/623
f 751/780/621 750/784/618 194/566/450
f 751/780/621 752/781/622 746/783/623
f 747/772/614 752/785/622 311/761/607
f 747/772/614 748/774/616 746/782/623
f 754/786/624 313/789/627 314/787/625
f 189/611/485 31/1166/941 313/789/627
f 756/790/628 100/625/495 101/632/502
f 315/792/630 32/1170/945 100/625/495
f 759/793/631 758/794/632 187/614/487
f 102/631/501 10/1181/956 187/614/487
f 756/790/628 755/788/626 314/787/625
f 756/790/628 757/791/629 753/795/633
f 757/791/629 101/632/502 102/631/501
f 758/794/632 759/793/631 753/795/633
f 754/786/624 759/793/631 188/609/483
f 754/786/624 755/788/626 753/795/633
f 761/796/634 316/169/146 317/162/139
f 313/789/627 31/1166/941 316/169/146
f 763/798/636 321/801/639 320/799/637
f 318/165/142 22/1165/940 321/801/639
f 765/802/640 315/792/630 314/787/625
f 319/804/642 32/1170/945 315/792/630
f 763/798/636 762/797/635 317/162/139
f 763/798/636 764/800/638 760/805/643
f 765/802/640 764/800/638 320/799/637
f 765/802/640 766/803/641 760/805/643
f 761/796/634 766/803/641 314/787/625
f 761/796/634 762/797/635 760/805/643
f 768/806/644 162/809/647 161/807/645
f 321/801/639 22/1165/940 162/809/647
f 771/810/648 770/812/650 190/232/189
f 160/811/649 5/1161/936 190/232/189
f 772/813/651 319/804/642 320/799/637
f 192/242/199 32/1170/945 319/804/642
f 769/808/646 161/807/645 160/811/649
f 770/812/650 771/810/648 767/815/653
f 772/813/651 771/810/648 191/239/196
f 772/813/651 773/814/652 767/815/653
f 768/806/644 773/814/652 320/799/637
f 768/806/644 769/808/646 767/815/653
f 775/816/654 322/819/657 323/817/655
f 183/652/518 29/1163/938 322/819/657
f 777/820/658 94/666/528 95/673/535
f 324/822/660 30/1169/944 94/666/528
f 780/823/661 779/824/662 181/655/520
f 96/672/534 9/1178/953 181/655/520
f 777/820/658 776/818/656 323/817/655
f 777/820/658 778/821/659 774/825/663
f 778/821/659 95/673/535 96/672/534
f 779/824/662 780/823/661 774/825/663
f 775/816/654 780/823/661 182/650/516
f 775/816/654 776/818/656 774/825/663
f 782/826/664 325/149/130 326/142/123
f 322/819/657 29/1163/938 325/149/130
f 784/828/666 330/831/669 329/829/667
f 327/145/126 21/1162/937 330/831/669
f 786/832/670 324/822/660 323/817/655
f 328/834/672 30/1169/944 324/822/660
f 784/828/666 783/827/665 326/142/123
f 784/828/666 785/830/668 781/835/673
f 786/832/670 785/830/668 329/829/667
f 786/832/670 787/833/671 781/835/673
f 782/826/664 787/833/671 323/817/655
f 782/826/664 783/827/665 781/835/673
f 789/836/674 159/839/677 158/837/675
f 330/831/669 21/1162/937 159/839/677
f 792/840/678 791/842/680 184/214/176
f 157/841/679 4/1158/933 184/214/176
f 793/843/681 328/834/672 329/829/667
f 186/224/186 30/1169/944 328/834/672
f 790/838/676 158/837/675 157/841/679
f 791/842/680 792/840/678 788/845/683
f 793/843/681 792/840/678 185/221/183
f 793/843/681 794/844/682 788/845/683
f 789/836/674 794/844/682 329/829/667
f 789/836/674 790/838/676 788/845/683
f 796/846/684 331/849/687 332/847/685
f 177/693/551 27/1160/935 331/849/687
f 798/850/688 88/707/561 89/714/568
f 333/852/690 28/1168/943 88/707/561
f 801/853/691 800/854/692 175/696/553
f 90/713/567 8/1175/950 175/696/553
f 798/850/688 797/848/686 332/847/685
f 798/850/688 799/851/689 795/855/693
f 799/851/689 89/714/568 90/713/567
f 800/854/692 801/853/691 795/855/693
f 796/846/684 801/853/691 176/691/549
f 796/846/684 797/848/686 795/855/693
f 803/856/694 334/129/114 335/122/107
f 331/849/687 27/1160/935 334/129/114
f 805/858/696 339/861/699 338/859/697
f 336/125/110 19/1159/934 339/861/699
f 807/862/700 333/852/690 332/847/685
f 337/864/702 28/1168/943 333/852/690
f 805/858/696 804/857/695 335/122/107
f 805/858/696 806/860/698 802/865/703
f 807/862/700 806/860/698 338/859/697
f 807/862/700 808/863/701 802/865/703
f 803/856/694 808/863/701 332/847/685
f 803/856/694 804/857/695 802/865/703
f 810/866/704 153/869/707 152/867/705
f 339/861/699 19/1159/934 153/869/707
f 813/870/708 812/872/710 178/196/163
f 151/871/709 3/1155/930 178/196/163
f 814/873/711 337/864/702 338/859/697
f 180/206/173 28/1168/943 337/864/702
f 811/868/706 152/867/705 151/871/709
f 812/872/710 813/870/708 809/875/713
f 814/873/711 813/870/708 179/203/170
f 814/873/711 815/874/712 809/875/713
f 810/866/704 815/874/712 338/859/697
f 810/866/704 811/868/706 809/875/713
f 817/876/714 340/879/717 341/877/715
f 171/734/584 25/1157/932 340/879/717
f 819/880/718 82/748/594 83/755/601
f 342/882/720 26/1167/942 82/748/594
f 822/883/721 821/884/722 169/737/586
f 84/754/600 7/1172/947 169/737/586
f 819/880/718 818/878/716 341/877/715
f 819/880/718 820/881/719 816/885/723
f 820/881/719 83/755/601 84/754/600
f 821/884/722 822/883/721 816/885/723
f 817/876/714 822/883/721 170/732/582
f 817/876/714 818/878/716 816/885/723
f 824/886/724 343/109/98 344/102/91
f 340/879/717 25/1157/932 343/109/98
f 826/888/726 348/891/729 347/889/727
f 345/105/94 15/1156/931 348/891/729
f 828/892/730 342/882/720 341/877/715
f 346/894/732 26/1167/942 342/882/720
f 826/888/726 825/887/725 344/102/91
f 826/888/726 827/890/728 823/895/733
f 828/892/730 827/890/728 347/889/727
f 828/892/730 829/893/731 823/895/733
f 824/886/724 829/893/731 341/877/715
f 824/886/724 825/887/725 823/895/733
f 831/896/734 141/899/737 140/897/735
f 348/891/729 15/1156/931 141/899/737
f 834/900/738 833/902/740 172/178/150
f 139/901/739 2/1149/924 172/178/150
f 835/903/741 346/894/732 347/889/727
f 174/188/160 26/1167/942 346/894/732
f 832/898/736 140/897/735 139/901/739
f 833/902/740 834/900/738 830/905/743
f 835/903/741 834/900/738 173/185/157
f 835/903/741 836/904/742 830/905/743
f 831/896/734 836/904/742 347/889/727
f 831/896/734 832/898/736 830/905/743
f 838/906/744 349/909/747 350/907/745
f 165/775/617 23/1154/929 349/909/747
f 840/910/748 76/584/462 77/591/469
f 351/912/750 24/1171/946 76/584/462
f 843/913/751 842/914/752 163/778/619
f 78/590/468 11/1184/959 163/778/619
f 840/910/748 839/908/746 350/907/745
f 840/910/748 841/911/749 837/915/753
f 841/911/749 77/591/469 78/590/468
f 842/914/752 843/913/751 837/915/753
f 838/906/744 843/913/751 164/773/615
f 838/906/744 839/908/746 837/915/753
f 845/916/754 352/90/82 353/84/76
f 349/909/747 23/1154/929 352/90/82
f 847/918/756 357/921/759 356/919/757
f 354/86/78 16/1150/925 357/921/759
f 849/922/760 351/912/750 350/907/745
f 355/924/762 24/1171/946 351/912/750
f 847/918/756 846/917/755 353/84/76
f 847/918/756 848/920/758 844/925/763
f 849/922/760 848/920/758 356/919/757
f 849/922/760 850/923/761 844/925/763
f 845/916/754 850/923/761 350/907/745
f 845/916/754 846/917/755 844/925/763
f 852/926/764 144/929/767 143/927/765
f 357/921/759 16/1150/925 144/929/767
f 855/930/768 854/932/770 166/250/202
f 142/931/769 6/1164/939 166/250/202
f 856/933/771 355/924/762 356/919/757
f 168/260/212 24/1171/946 355/924/762
f 853/928/766 143/927/765 142/931/769
f 854/932/770 855/930/768 851/935/773
f 856/933/771 855/930/768 167/257/209
f 856/933/771 857/934/772 851/935/773
f 852/926/764 857/934/772 356/919/757
f 852/926/764 853/928/766 851/935/773
f 859/936/774 358/940/778 359/937/775
f 55/939/777 17/1153/928 358/940/778
f 861/941/779 70/164/141 71/171/135
f 360/943/781 22/1165/940 70/164/141
f 864/944/782 863/947/785 57/945/783
f 72/157/134 6/1164/939 57/945/783
f 861/941/779 860/950/776 359/948/775
f 861/941/779 862/942/780 858/949/786
f 862/951/780 71/158/135 72/157/134
f 863/947/785 864/944/782 858/952/786
f 859/936/774 864/955/782 56/953/784
f 859/936/774 860/938/776 858/954/786
f 866/956/787 361/76/69 362/70/63
f 358/940/778 17/1153/928 361/76/69
f 868/958/789 366/961/792 365/959/790
f 363/72/65 20/1152/927 366/961/792
f 870/962/793 360/943/781 359/948/775
f 364/964/795 22/1165/940 360/943/781
f 868/958/789 867/957/788 362/70/63
f 868/958/789 869/960/791 865/965/796
f 870/962/793 869/968/791 365/966/790
f 870/962/793 871/963/794 865/967/796
f 866/956/787 871/969/794 359/937/775
f 866/956/787 867/957/788 865/965/796
f 873/970/797 156/973/800 155/971/798
f 366/961/792 20/1152/927 156/973/800
f 876/974/801 875/976/803 160/811/649
f 154/975/802 5/1161/936 160/811/649
f 877/977/804 364/964/795 365/966/790
f 162/809/647 22/1165/940 364/964/795
f 874/979/799 155/991/798 154/975/802
f 875/976/803 876/974/801 872/980/806
f 877/977/804 876/974/801 161/807/645
f 877/977/804 878/978/805 872/980/806
f 873/970/797 878/982/805 365/959/790
f 873/970/797 874/972/799 872/981/806
f 880/983/807 367/986/810 368/984/808
f 156/973/800 20/1152/927 367/986/810
f 882/987/811 67/144/125 68/151/119
f 369/989/813 21/1162/937 67/144/125
f 885/990/814 884/992/815 154/975/802
f 69/137/118 5/1161/936 154/975/802
f 882/987/811 881/995/809 368/993/808
f 882/987/811 883/988/812 879/994/816
f 883/996/812 68/138/119 69/137/118
f 884/992/815 885/990/814 879/997/816
f 880/983/807 885/999/814 155/971/798
f 880/983/807 881/985/809 879/998/816
f 887/1000/817 370/63/56 371/57/50
f 367/986/810 20/1152/927 370/63/56
f 889/1002/819 375/1005/822 374/1003/820
f 372/59/52 18/1151/926 375/1005/822
f 891/1006/823 369/989/813 368/993/808
f 373/1008/825 21/1162/937 369/989/813
f 889/1002/819 888/1001/818 371/57/50
f 889/1002/819 890/1004/821 886/1009/826
f 891/1006/823 890/1012/821 374/1010/820
f 891/1006/823 892/1007/824 886/1011/826
f 887/1000/817 892/1013/824 368/984/808
f 887/1000/817 888/1001/818 886/1009/826
f 894/1014/827 150/1017/830 149/1015/828
f 375/1005/822 18/1151/926 150/1017/830
f 897/1018/831 896/1020/833 157/841/679
f 148/1019/832 4/1158/933 157/841/679
f 898/1021/834 373/1008/825 374/1010/820
f 159/839/677 21/1162/937 373/1008/825
f 895/1023/829 149/1035/828 148/1019/832
f 896/1020/833 897/1018/831 893/1024/836
f 898/1021/834 897/1018/831 158/837/675
f 898/1021/834 899/1022/835 893/1024/836
f 894/1014/827 899/1026/835 374/1003/820
f 894/1014/827 895/1016/829 893/1025/836
f 901/1027/837 376/1030/840 377/1028/838
f 150/1017/830 18/1151/926 376/1030/840
f 903/1031/841 61/124/109 62/131/103
f 378/1033/843 19/1159/934 61/124/109
f 906/1034/844 905/1036/845 148/1019/832
f 63/117/102 4/1158/933 148/1019/832
f 903/1031/841 902/1039/839 377/1037/838
f 903/1031/841 904/1032/842 900/1038/846
f 904/1040/842 62/118/103 63/117/102
f 905/1036/845 906/1034/844 900/1041/846
f 901/1027/837 906/1043/844 149/1015/828
f 901/1027/837 902/1029/839 900/1042/846
f 908/1044/847 379/50/43 380/44/37
f 376/1030/840 18/1151/926 379/50/43
f 910/1046/849 384/1049/852 383/1047/850
f 381/46/39 13/1148/923 384/1049/852
f 912/1050/853 378/1033/843 377/1037/838
f 382/1052/855 19/1159/934 378/1033/843
f 910/1046/849 909/1045/848 380/44/37
f 910/1046/849 911/1048/851 907/1053/856
f 912/1050/853 911/1056/851 383/1054/850
f 912/1050/853 913/1051/854 907/1055/856
f 908/1044/847 913/1057/854 377/1028/838
f 908/1044/847 909/1045/848 907/1053/856
f 915/1058/857 135/1061/860 134/1059/858
f 384/1049/852 13/1148/923 135/1061/860
f 918/1062/861 917/1064/863 151/871/709
f 133/1063/862 3/1155/930 151/871/709
f 919/1065/864 382/1052/855 383/1054/850
f 153/869/707 19/1159/934 382/1052/855
f 916/1067/859 134/1113/858 133/1063/862
f 917/1064/863 918/1062/861 914/1068/866
f 919/1065/864 918/1062/861 152/867/705
f 919/1065/864 920/1066/865 914/1068/866
f 915/1058/857 920/1070/865 383/1047/850
f 915/1058/857 916/1060/859 914/1069/866
f 922/1071/867 385/1074/870 386/1072/868
f 144/929/767 16/1150/925 385/1074/870
f 924/1075/871 55/939/777 56/953/784
f 387/1077/873 17/1153/928 55/939/777
f 927/1078/874 926/1079/875 142/931/769
f 57/945/783 6/1164/939 142/931/769
f 924/1075/871 923/1082/869 386/1080/868
f 924/1075/871 925/1076/872 921/1081/876
f 925/1083/872 56/946/784 57/945/783
f 926/1079/875 927/1078/874 921/1084/876
f 922/1071/867 927/1078/874 143/927/765
f 922/1071/867 923/1073/869 921/1084/876
f 929/1085/877 388/30/30 389/35/23
f 385/1074/870 16/1150/925 388/30/30
f 931/1087/879 393/1090/882 392/1088/880
f 390/26/26 14/1147/922 393/1090/882
f 933/1091/883 387/1077/873 386/1080/868
f 391/1093/885 17/1153/928 387/1077/873
f 931/1087/879 930/1095/878 389/23/23
f 931/1087/879 932/1089/881 928/1094/886
f 933/1091/883 932/1089/881 392/1088/880
f 933/1091/883 934/1092/884 928/1094/886
f 929/1085/877 934/1097/884 386/1072/868
f 929/1085/877 930/1086/878 928/1096/886
f 936/1098/887 138/9/9 137/3/3
f 393/1090/882 14/1147/922 138/9/9
f 939/1100/889 938/1101/890 145/67/60
f 136/2/2 1/1146/921 145/67/60
f 940/1102/891 391/1093/885 392/1088/880
f 147/77/70 17/1153/928 391/1093/885
f 937/1099/888 137/3/3 136/2/2
f 938/1101/890 939/1100/889 935/1104/893
f 940/1102/891 939/1100/889 146/74/67
f 940/1102/891 941/1103/892 935/1104/893
f 936/1098/887 941/1103/892 392/1088/880
f 936/1098/887 937/1099/888 935/1104/893
f 943/1105/894 394/1108/897 395/1106/895
f 135/1061/860 13/1148/923 394/1108/897
f 945/1109/898 49/104/93 50/111/87
f 396/1111/900 15/1156/931 49/104/93
f 948/1112/901 947/1114/902 133/1063/862
f 51/97/86 3/1155/930 133/1063/862
f 945/1109/898 944/1117/896 395/1115/895
f 945/1109/898 946/1110/899 942/1116/903
f 946/1118/899 50/98/87 51/97/86
f 947/1114/902 948/1112/901 942/1119/903
f 943/1105/894 948/1121/901 134/1059/858
f 943/1105/894 944/1107/896 942/1120/903
f 950/1122/904 397/14/14 398/7/7
f 394/1108/897 13/1148/923 397/14/14
f 952/1124/906 402/1127/909 401/1125/907
f 399/10/10 14/1147/922 402/1127/909
f 954/1128/910 396/1111/900 395/1115/895
f 400/1130/912 15/1156/931 396/1111/900
f 952/1124/906 951/1123/905 398/7/7
f 952/1124/906 953/1126/908 949/1131/913
f 954/1128/910 953/1134/908 401/1132/907
f 954/1128/910 955/1129/911 949/1133/913
f 950/1122/904 955/1135/911 395/1106/895
f 950/1122/904 951/1123/905 949/1131/913
f 957/1136/914 46/25/25 47/32/19
f 402/1127/909 14/1147/922 46/25/25
f 960/1138/916 959/1139/917 139/901/739
f 48/18/18 2/1149/924 139/901/739
f 961/1140/918 400/1130/912 401/1132/907
f 141/899/737 15/1156/931 400/1130/912
f 958/1142/915 47/19/19 48/18/18
f 959/1139/917 960/1138/916 956/1143/920
f 961/1140/918 960/1138/916 140/897/735
f 961/1140/918 962/1141/919 956/1143/920
f 957/1136/914 962/1145/919 401/1125/907
f 957/1136/914 958/1137/915 956/1144/920
